Sampling Freq:,Counter:,Time:,F3:,F4:,P7:,FC6:,F7:,F8:,T7:,P8:,FC5:,AF4:,T8:,O2:,O1:,AF3:
,1,27.25298277710565,-1821,516,7047,-7009,-3405,3992,-1302,-3176,740,7730,4251,7798,3389,6425
,2,27.272012935666783,-5775,-2745,-1388,-4581,6625,-4536,2297,-1377,-463,3913,-6533,5559,3964,6519
,3,27.29016811491566,4476,979,6074,-4556,-2955,-870,949,8138,3095,-4810,-3416,7263,3879,-4043
,4,27.30964944804885,7176,4501,4714,2471,-1836,3428,-3825,-805,-1145,-2474,7386,4803,4239,5983
,5,27.32721275468377,-3797,-7061,-7359,-5139,-7193,-2671,7150,-958,-7869,679,-2506,-237,4770,270
,6,27.345896513810434,4432,186,-7514,61,-6903,-5437,-1029,-7472,-4491,4427,7416,-3885,2597,2404
,7,27.364967727119357,2485,6872,-5052,247,2132,-6455,4944,-1858,-3970,-3115,6236,-6919,6678,2372
,8,27.383584772280862,-857,-1376,-1049,-6630,5745,4089,-4218,5696,4847,5923,4653,-2692,-4417,1760
,9,27.402384425539303,-6185,6090,-4050,7954,4173,3552,1368,7238,-7156,-5751,5033,-7069,8001,-5781
,10,27.42001016960315,7725,-7114,-2911,4251,1360,5072,-7735,-1917,5283,2535,303,7055,-7814,-5820
,11,27.437659862269875,7489,2538,4233,1338,6432,-1163,2712,6243,5934,7514,-372,-1111,-2929,-2384
,12,27.455224024212036,-3427,-5784,2910,-1284,-2006,5733,-5421,247,-6344,6189,-1900,7836,-2636,2697
,13,27.47314955346547,7563,152,5893,6436,-1662,5528,-116,-7755,-291,5315,-3394,4448,4327,-536
,14,27.490058550057498,2426,3130,312,6374,-6887,2136,-1437,-5947,7337,3589,-2968,-2332,2742,-3248
,15,27.507869040486398,6119,-2590,-7688,-637,-6259,5800,-5884,-7007,7699,-2809,-6307,8085,5892,-657
,16,27.524935413611615,-5050,-4842,-3122,167,-1892,3289,-6076,5910,-7833,-150,4145,7915,1074,2567
,17,27.548647951688825,6679,-4267,-2767,-1996,5923,-6541,-896,-7077,-4159,-1704,6915,-6887,-2336,-2333
,18,27.56699643037521,3316,-6987,-5938,-2934,898,6020,7750,6900,-4729,2148,-4760,-2855,-7358,2635
,19,27.58574989704239,-2136,-5748,-4909,3521,-4083,-3773,6923,2477,10,-2503,-910,-1964,-1463,-570
,20,27.604040642489696,-4917,5227,3973,-8041,2961,2321,-1684,295,-6242,5664,-6344,-1730,1409,-4655
,21,27.62284072340176,-7815,-2668,4973,-3597,519,1434,3340,-3351,4522,2801,7528,5239,-740,4079
,22,27.63959277111422,-1433,-2839,3978,-5580,2039,5485,-6903,4766,-6236,1070,7280,-6248,-5573,3940
,23,27.656598845078626,-547,4848,-3361,-5522,-7193,-1316,-4595,5337,-1105,-7614,1651,3467,-1877,3808
,24,27.6733530310592,1256,2748,294,2874,-5123,-4027,5823,-1491,7458,-3226,-1847,6072,-7736,3186
,25,27.689223257001437,-6624,5289,283,3157,-468,-5466,-1944,-1782,5090,6391,2820,-2371,-977,-4272
,26,27.705317145788403,6168,-7965,-471,4748,1866,-7256,-2159,-5251,189,-6091,-5104,-216,-592,7536
,27,27.722800053542233,-2913,5032,7996,-7144,2404,1308,-5452,6187,2184,-1023,-2238,7845,-2442,-7583
,28,27.73911247333045,2051,-829,-268,4051,-3414,-1668,4397,-64,4078,7797,3394,-5215,8053,7707
,29,27.759624024040978,4276,-4378,-4202,7102,-1343,6086,-153,-3064,256,1100,240,1463,-8092,-4499
,30,27.77809908819971,-5892,-6217,4734,-3683,-7385,4289,-3549,-6820,5071,329,4534,-39,-2033,1152
,31,27.795466529475384,6692,6757,3501,901,3456,3026,7360,5968,-7473,2659,-6539,-3242,-1108,-7880
,32,27.81310382018705,-3481,-3719,-4635,-4538,-3114,-2177,-4380,-3103,-307,5352,2168,3538,193,-7182
,33,27.83077746145665,7112,1764,-1116,-7660,5463,-5009,-2690,1738,4707,8032,868,7547,4502,-6074
,34,27.847661654138555,6240,-7241,3274,5668,-5443,4108,-7803,-6198,470,-5452,-2702,599,-5580,7701
,35,27.8643572515728,-5943,-7739,8148,2801,-6992,2749,5193,5041,836,-1441,-333,687,5275,4694
,36,27.882104449265526,5090,-4069,1714,8111,-3548,1168,-4305,-3260,-4276,-3935,6197,-4774,-4533,3220
,37,27.89901729474016,2930,-3977,-3173,1772,1749,6756,783,5050,-5454,-3289,-1419,-7543,-6263,1941
,38,27.91613242037838,340,-1497,-3982,3010,-1771,-2147,6442,-6022,-7125,8113,-5103,6280,2483,6256
,39,27.933499861654052,-2042,-1980,4483,663,-1276,-6788,-5340,5185,74,-5214,-3032,4065,6011,-3005
,40,27.949993178924718,-3175,5177,6019,1488,-7920,5844,7333,-638,4569,-6961,7432,1347,-7897,-7362
,41,27.971480207548858,-4973,1486,-2022,4716,6913,-7565,-7475,4412,-3687,2452,1160,-4849,3198,1957
,42,27.991620127261164,-7048,831,-5493,-10,-6831,223,5994,-4494,-7157,-6373,4514,-4734,1285,-1876
,43,28.014242148600225,3336,-7871,512,3913,1291,-891,-5125,3302,1405,6017,2502,-6000,-5299,916
,44,28.033509227268393,-5058,3352,-4606,-3818,-5081,1497,-2004,2904,-3891,1678,3134,2209,-5949,4324
,45,28.053165470733312,-2176,-3490,-6347,6555,202,-6121,-6355,-2999,-240,-8118,-306,6443,-303,-5302
,46,28.07177396282236,-6768,5938,-7839,-2718,-6284,-2615,-6582,2117,4327,-7965,7323,6257,-4133,4107
,47,28.088425084279837,-7244,-3205,-1280,538,-5808,-2376,-2207,-3206,-1041,6154,-4665,3294,3508,-3753
,48,28.105254537298023,8000,-1215,-3190,6510,932,2884,6070,3621,-6369,-1131,4052,5179,954,7562
,49,28.121940726352573,4388,5094,-50,5910,-6482,4080,1518,-1656,-7481,3375,-5295,5855,-1721,-5056
,50,28.138238605917614,2254,4589,-2560,7849,-4702,223,3154,5050,-3525,7863,-4403,3539,1277,1617
,51,28.154519806991367,-7369,5847,1978,5226,-3063,-982,2594,-448,-7974,-5484,-7723,-2814,2498,6591
,52,28.173724875884226,1445,-1901,-849,-7442,275,-54,-1532,-2713,6100,-7949,-4987,1412,-6442,-6008
,53,28.191580697597143,-3634,-3255,-5531,-7235,67,2923,3054,-2426,-6425,5893,-5552,1861,6049,2818
,54,28.211117198047674,-5385,-752,-1233,1605,-7679,6111,2772,142,-1684,518,-5583,-1190,-2284,-2483
,55,28.230511289841814,1839,4259,-579,-2082,-5536,-2983,908,7970,5717,-6925,931,-1562,-3250,-5065
,56,28.24834872244895,-872,-447,4707,-7735,-2629,-4477,-7544,-6707,-3500,-8037,-8113,4881,7786,6389
,57,28.26613783019671,-1215,8162,-357,-3304,5029,6048,-7995,-4890,429,-1616,4450,167,-6363,2676
,58,28.283969275653124,-3804,-1291,-971,-6772,5351,7799,1027,-4206,5473,2467,-4382,-336,715,4853
,59,28.300395023651383,7360,4980,4463,-3678,5398,-4223,3420,5703,6555,6400,2139,-6571,4925,3224
,60,28.316887913268424,3386,4251,-8158,-385,3323,1806,2823,-5347,4067,6022,-1733,-2661,6094,-5195
,61,28.33371565567212,7087,-4280,2861,-6384,-4182,-6939,1342,-5292,3584,1633,3370,-1661,7591,-7044
,62,28.35014012070951,-4663,-6276,7509,-5138,4183,1650,2412,-2653,-802,-1176,2047,6217,-6097,2820
,63,28.3672321530521,150,4679,1765,-784,-7909,3294,4576,-4519,-3346,3250,-690,-3904,-1748,-5947
,64,28.387382764104977,5520,-2551,4295,-5419,-466,-6422,-4647,-2466,-7544,6166,4564,7396,2270,5004
,65,28.40570045173052,2871,-903,6314,7647,2756,-943,-3225,7994,4317,4794,-3314,3680,7119,140
,66,28.424690838504734,3530,3581,7469,-3023,-5823,-5934,8090,2248,-1039,2304,6637,-1984,5836,58
,67,28.442886217194157,4232,1430,6337,6647,2012,7964,-7750,-2143,-4687,7635,1193,-1907,-4156,2562
,68,28.461928350056727,5156,4375,-1955,-5248,2733,-4236,3284,-5989,-7051,6966,3758,3913,-389,2196
,69,28.480061718970845,7518,6047,-5749,5036,-7812,-6088,-6253,-5019,-1120,4359,4735,-2975,-6949,1041
,70,28.49653878540384,-1536,-4734,3467,-455,-5477,6884,-6534,-3549,4095,7178,787,-830,-1715,1451
,71,28.51313388423673,-5429,7214,6553,2887,-4997,-110,-4738,-1766,3892,-4512,7039,-1785,-2951,7578
,72,28.530307598421274,6685,-1017,7181,-6025,1843,-7992,-1102,-1123,2678,-3782,4899,5682,2436,-1388
,73,28.547224720432137,-6521,-4550,-1989,5370,-3750,4409,-4679,-7001,1767,7014,5565,7520,2242,-2621
,74,28.563573490778293,-1254,2585,-7787,468,2590,-6886,-6819,2376,2412,4145,5214,2682,7994,-2786
,75,28.579734948837658,-6666,2842,6280,-1191,3106,-1717,4496,2692,-139,1298,7732,1244,-2594,-5723
,76,28.603982909250618,794,6944,-8053,-1040,-1073,2029,-2751,8170,1362,-5290,-6906,7676,3815,3463
,77,28.625403651563225,3060,-1468,-4345,-3997,3651,2234,7533,5691,3723,8168,-4998,-1510,7909,-1349
,78,28.644249919066553,-4098,-6174,8137,-3070,3789,-2217,5995,5335,-2713,5852,-7951,1013,-2745,8082
,79,28.66148264945104,-3468,-7992,5035,-5274,501,-947,4938,-2933,-7618,2463,3910,-2655,-6904,-194
,80,28.678964701897627,2409,6177,6748,-7868,-5533,-7504,-4405,2008,5507,-3376,-6517,4855,-3514,1267
,81,28.696577188699166,502,-7644,-6865,-2959,664,-6706,5418,4109,-3554,2340,-852,-6895,4081,-3493
,82,28.71323985680446,-516,-4488,-1528,678,1733,-377,552,-2904,-3212,-1925,-7153,4102,6465,2378
,83,28.729676723796914,3988,-6789,7790,2527,-430,6558,7593,4313,2899,-2927,-4177,-5772,205,-881
,84,28.74594637822285,5610,3949,7289,-6183,7483,-2359,5523,-5323,-422,6869,8064,-2974,-7186,5277
,85,28.76259194018323,-3357,1299,1739,-7259,-2787,-8001,-6199,8031,-4131,7337,-3855,-3368,-1494,-2541
,86,28.77914213538573,4027,-7586,1824,-6846,-7953,1903,-3858,-193,-3921,-5103,-8038,3960,-1290,5519
,87,28.796956474697232,4231,1691,-800,-7859,7775,-4741,5400,-388,6141,-7174,1762,354,-7029,6365
,88,28.817223407535515,4838,5143,-7257,-3947,2609,-4698,187,7575,4791,-5410,4349,4879,5883,-7977
,89,28.836423772238522,-4341,4205,4630,-562,-2643,-2226,4082,-2064,-4112,-798,914,-4372,1923,6249
,90,28.854384796742647,-2316,6805,6471,-6937,6027,7286,-1855,-5288,-3470,2489,2931,-7281,7179,7250
,91,28.87153841120692,2153,2436,-4950,-2970,-841,-8009,3226,75,3000,-6904,-1992,-7537,-4236,7284
,92,28.88861846924807,-2723,-259,-2708,3952,61,-1412,-4104,5722,2269,-630,5678,5669,-3791,-937
,93,28.90566046611679,-3394,-3914,-3512,2423,-5732,-4680,-3615,-7420,2773,1926,320,4280,-832,7171
,94,28.92200111104411,5348,-7676,-5860,6777,-6381,5732,4039,-2083,1140,1135,-6603,-6432,-2140,-209
,95,28.938999487243308,-8088,-3431,-529,4837,3787,-1795,3293,-7632,6111,-1546,-5762,-672,1938,677
,96,28.956886527670687,2582,-5369,-1988,4868,5342,-5144,5561,5206,1618,-1472,2029,7554,527,2047
,97,28.974493882628753,-3423,4398,-3728,-1526,4546,-7497,-7045,-4646,-3722,466,-5664,7912,7385,3431
,98,28.99493444283789,3532,2325,67,6074,2738,-4389,-2291,-5879,2764,3867,-5585,1969,-4258,1161
,99,29.015974573426202,-950,2040,1368,5284,-8064,7914,4774,7181,-4398,5400,-6756,5566,-1474,902
,100,29.03457536775004,7912,3627,-395,7352,5548,5245,-1479,-6685,5292,4020,1237,-7374,-5178,7358
,101,29.05407936652524,5229,-2153,5090,2787,4311,1593,-8118,-7856,-7395,-3021,-5708,7498,3052,2625
,102,29.073616294629396,-6982,-1271,-736,-3270,650,7288,2682,-2184,5189,-7763,-185,3607,-79,-385
,103,29.0909242920515,3417,-6436,6205,-272,5345,-434,2856,1284,7683,-833,-7107,7320,7079,-4038
,104,29.108300714053254,1628,-2065,2321,-4552,-1597,-7310,531,1884,-6189,8149,32,2790,7103,-5124
,105,29.12611248744302,4275,-7812,-1748,7428,-7541,4514,-3129,2241,-66,4127,-996,3783,-1967,1950
,106,29.143189124255187,-1108,-7915,7631,4269,-6308,699,-4364,1617,-4196,4779,5737,-5880,-1326,-5602
,107,29.16026490576011,-2243,-1916,1898,1212,-3144,-3936,-6872,2923,-1782,1081,-5979,-4453,-1884,-4750
,108,29.178193856242522,6939,-1391,2383,-1108,-6246,-5178,4144,-1603,-6083,-3316,-2848,-899,-3207,1983
,109,29.195225589424297,-5856,-7304,4946,-5472,-1924,7941,-967,-7015,-6509,6566,6758,-4198,-5168,3241
,110,29.212032804454097,-4328,1949,8093,2899,-7346,-5436,-6330,-2740,207,98,5426,-7092,-7986,-1635
,111,29.23014136945809,-5766,-3730,7874,-1861,5129,6957,7550,-6623,-6104,5244,38,-164,-2475,-4402
,112,29.249914362362034,1976,4266,4864,-5819,-5422,-1130,-1502,2482,-2893,-4367,-7685,-4145,-679,1744
,113,29.267650013406943,4010,5953,-2058,-5706,-2717,5326,-1576,4871,7256,-6801,-2026,6435,7234,111
,114,29.287090719445967,-1714,-1746,-418,2241,-40,8069,-989,3047,-1765,-6109,-735,6945,2513,-584
,115,29.30591945315076,-3556,491,3491,2275,4680,1045,-1751,1754,-8150,5988,-5063,-190,-1905,-3432
,116,29.323476772634958,-6806,6199,-1162,-2681,1923,1813,-3853,-1533,-2760,-749,1864,6747,-6666,6443
,117,29.340455904421127,121,7068,-1163,7827,7540,-520,-5119,1306,-3747,3682,4919,3129,3137,-3978
,118,29.358791553498826,6346,-3104,-4943,-2236,-5576,978,2294,-2030,-780,1725,-7972,-103,2634,2572
,119,29.375409745627348,4781,1230,2466,494,-8156,-6026,-2377,-703,-8066,4240,-6564,156,-5399,-3009
,120,29.39126414838554,3521,-5289,1221,2335,-2014,4766,-846,-3536,5233,3071,1136,-4154,-3584,-4866
,121,29.40834848296292,-5298,4683,1106,-599,6195,3227,3461,-6695,1048,3772,1969,-2612,-3280,2458
,122,29.43051120431109,6087,-8111,812,454,7459,-7370,-341,7075,-6915,7746,4229,56,2574,-6650
,123,29.452094882653984,-1950,-4515,6763,7820,1165,1622,-128,1404,3659,7260,-7963,6222,6307,-5954
,124,29.470226968607232,-1261,-6930,3962,-776,-2115,-2876,-6272,-631,-7076,288,6708,-1402,-1665,-3816
,125,29.488255134730135,2775,1064,-6040,4629,5584,-1772,-2311,7808,752,-2256,1346,-3252,7991,-6108
,126,29.506240107837137,101,4296,7133,5939,-5609,-3297,-1870,-3570,-1944,-5609,-1752,6461,7940,-3410
,127,29.52454667646849,-2387,-1234,3112,2952,5271,-4035,4098,-723,-3159,1618,4365,56,1098,4694
,128,29.541434290379375,912,-6477,-3051,942,7150,-4075,-412,5747,6830,-5213,-7898,74,-1182,-6796
,129,29.558134592003476,4334,-6640,-678,6979,-3490,-3760,2669,6152,3550,-4583,148,6460,5172,-3438
,130,29.57406041291668,5828,-4646,-181,4483,-7613,-4376,-2622,-4446,-2375,-2237,-2649,8016,-129,3207
,131,29.59025736622674,6643,-2085,7823,6901,1635,-5144,2031,1060,6885,-7243,-8145,5773,1114,4993
,132,29.606185325408056,-4899,-3889,6443,-6697,5177,3731,5909,7258,6969,4151,-6888,-3457,-3739,5870
,133,29.624596669176995,-1212,1455,6453,-3804,-5828,5150,3440,-4965,-2824,-1763,-3439,-6647,4582,4536
,134,29.64111949454763,8191,-6727,5323,2883,-6782,-5575,-5162,4006,-5113,-2449,-312,4409,4408,8189
,135,29.659772890267075,-1095,-5863,2418,452,7619,-6422,-259,4732,-505,-2939,-6644,6099,-7627,6220
,136,29.677833558065313,7769,-7408,5241,-7090,22,-8067,-6695,4366,-2834,-2690,7126,-826,2566,-8179
,137,29.698165066600637,-2485,-4187,-3414,-7902,3367,-2377,-576,-3401,-2923,746,-2246,-8068,-349,5084
,138,29.7179440466553,-537,-3978,1232,-7370,7594,-5588,7590,-5576,-4925,202,-6906,2836,-4378,3556
,139,29.73748824487104,5960,906,5048,3428,3931,-5107,-6365,1230,-7809,-7447,7849,-7622,6890,4507
,140,29.757312983863347,-1963,3543,-1017,848,134,4642,-3061,7080,-5117,-8178,1011,1963,685,5551
,141,29.77705689632094,6865,6237,5787,2710,6044,-5740,-5299,4388,7665,5236,3826,2766,-4305,-4121
,142,29.794926402949784,-6934,-5336,6538,-4952,218,3193,2410,8091,4979,-993,-7044,1642,-1693,3203
,143,29.81133803837849,6329,-252,-1665,3243,-4245,-2465,-2797,5621,-4914,-4033,3804,551,426,-7954
,144,29.82693798723112,-6718,81,6067,1586,-1226,-872,1190,-610,-2751,1144,-7635,5536,8061,-5862
,145,29.842968155628284,-3469,8078,-346,-717,-7213,1227,-2521,2912,-5413,-680,-7094,1351,-2799,-5305
,146,29.861895249666322,-4508,4245,959,-4598,7590,-3807,-6958,-4476,1919,2240,6365,5772,-7328,221
,147,29.87846212336011,-7191,-7059,781,-6034,-6175,1843,-5537,-3923,-5133,-4298,-3240,2128,8150,-290
,148,29.896208038091963,2030,7469,-5720,7117,5881,7206,4286,-6800,1949,-1249,-5964,-5453,380,-7258
,149,29.913606698082102,-2674,731,440,7979,-3337,7342,7917,7672,-4097,-558,1014,-6635,-698,2345
,150,29.932597084856315,-1884,-1329,1826,51,5331,-1013,-564,2379,-3335,6352,-7814,-1874,-2661,1407
,151,29.94970066384672,-428,3615,-4890,3839,1266,2056,-3699,6310,-4113,-356,1508,-6920,-3970,6824
,152,29.967052281938347,-3945,2670,6134,2229,-1474,5559,7472,1081,-3168,5356,-6513,3105,4513,-6266
,153,29.983679882446573,-3722,-7599,6083,3319,-7579,1528,-3692,2170,-2610,-3239,2377,-7424,3246,-945
,154,30.001065712828026,-2013,8087,-6973,-2273,-625,6523,-5312,81,6306,6316,-663,1606,7194,724
,155,30.017695451604364,7820,-7252,1589,4426,4208,7519,-5684,5508,5685,2169,-3689,-7689,-272,2694
,156,30.034139588708406,-8126,-3306,-5621,1693,-6663,-2398,-1897,-7984,6953,-2138,-1444,-4211,5769,-4177
,157,30.049938824149258,-2787,2789,1492,146,1527,-518,315,-2369,5763,-3308,502,-4187,3983,331
,158,30.070071046096356,1297,-4399,-1570,-5034,-7127,411,-5941,6765,-4099,-691,7596,-6514,-3854,-849
,159,30.0870309334695,1788,997,7777,5265,6315,-2992,-5383,-5478,2562,-8150,642,-6722,614,-3644
,160,30.10451982837405,1391,-237,5351,-2106,6297,493,-3521,-3602,1970,-1706,3274,-7472,300,7967
,161,30.122387624388402,-788,-84,-646,-1179,7135,6894,-1075,-450,-3092,5619,786,-1752,-1252,-4918
,162,30.14060096452998,2883,7667,3676,370,-6785,1122,4458,-4102,-4865,-886,4230,2100,-6845,1804
,163,30.1593907817551,-4735,-3097,-4431,5224,738,-552,-5693,5930,3902,4425,1466,-2787,-6860,-6410
,164,30.175383744287082,-6926,1755,-2447,322,2265,7373,-857,-7856,6652,7933,-4749,6847,4874,-8013
,165,30.191230021626442,-3419,-5405,3303,1404,-3826,6164,7411,3043,2662,666,2938,5467,-762,-7885
,166,30.207424409014767,-2034,-7581,-1482,-6533,1706,7130,-6777,-470,-5118,4224,-3060,7804,-7240,7171
,167,30.223488789701758,-3031,6589,-2649,2554,-7042,-7828,-4387,964,-2265,633,2206,-7186,-6092,-5965
,168,30.239928650269572,4744,-709,-3201,4562,-5645,-6386,2992,-1432,-6148,655,953,-8077,1674,-4109
,169,30.25700999127159,2297,-7858,-2783,-4245,847,642,-6722,-3119,4681,7667,3402,-4908,-6919,1593
,170,30.276678209037946,-5257,-974,2882,4185,-3604,-3078,1421,-1067,-695,2419,4573,-1433,7656,-4207
,171,30.294028971822332,6482,-2474,-1547,4239,2127,-3277,6600,-3513,2205,4554,5972,-6307,-7740,3770
,172,30.312306032353707,-555,-3991,4491,2872,3319,6890,-4907,-1355,-4161,5434,-7515,-6664,2098,867
,173,30.32949813564403,6916,-4836,2360,1658,1578,-633,-1851,1397,374,-3721,-2169,5410,6111,-3977
,174,30.346673560443065,-8081,2233,5546,-5469,6676,-7893,-8012,-5909,-2113,-4985,-2200,-2745,7530,-7731
,175,30.365430020685604,-2155,6995,4640,7827,7981,-7281,5263,1633,-7129,-475,-3997,-6647,2162,379
,176,30.381918633766418,-3975,1907,-2829,5038,-6041,3710,2397,5876,5830,1323,6452,4901,-6192,6290
,177,30.398727987064333,-301,-1128,7363,4434,138,8151,-4081,5700,4280,-5376,4253,-4423,-7520,4262
,178,30.414958725010596,-2825,-2059,4674,-4743,1227,-4957,-6034,-1029,-3639,1045,-5114,3732,-3117,-2627
,179,30.43390634642253,7250,-6751,2602,7781,-2406,6158,-156,2780,-3389,1968,-2002,-6176,379,1215
,180,30.450978279044843,4324,6459,2022,-2621,2703,5255,-3048,-1846,5605,-697,-3577,-5145,5291,-7733
,181,30.467924481502056,5622,-2653,-3707,7074,-4792,1836,5471,2573,5278,-2002,5687,-601,-4872,6570
,182,30.48694865291247,4182,-1084,-5755,-428,4986,-6576,-2168,138,-6574,4517,5009,6030,1554,-3468
,183,30.50478351959787,5445,-2894,-4813,-5232,5992,7786,5370,-1539,-1993,-4450,1718,6767,702,-1433
,184,30.527222077532745,-7756,2373,-5058,-5175,-2485,7841,949,2829,-6980,7586,513,-6208,-5382,-2040
,185,30.545204484718013,2313,-7290,-3598,4719,4381,611,6761,7669,5038,263,3346,8165,1274,-4114
,186,30.562520607558948,152,2815,-5523,-5446,-4592,-2247,2884,6820,3945,-3151,-6884,3123,2666,6451
,187,30.579884199952016,3764,5592,7794,-4558,-7991,-7060,3308,-469,4951,-2726,-334,-5321,-5438,2400
,188,30.597647648482408,1747,-410,6443,3040,1947,7881,6113,6464,-3413,-3329,-7537,-7533,7097,-7643
,189,30.617787140541093,5275,7829,-6277,-345,3121,1541,-4820,7047,3898,-7417,-6879,6451,846,4538
,190,30.638435968064538,8173,1396,-887,6108,174,-5137,7637,4001,-3331,8036,-6601,-2447,3643,3025
,191,30.65688451769866,-2139,-6132,274,-7524,-6250,-4357,2394,7352,-3295,2598,1516,6686,6163,150
,192,30.674948179072256,7012,3072,3577,-2723,2991,-5657,3938,6339,-3132,6962,5561,-3191,-4472,-4162
,193,30.694197296288266,-5043,7788,-4057,4966,4927,6821,-2300,4248,-7741,97,-3003,7267,-2696,4906
,194,30.71103359176442,7653,-2455,2394,-1,4241,-876,7536,-7782,-701,1194,27,7612,1456,-5134
,195,30.72877009811657,-2362,5334,-560,-2294,428,-2888,6621,-5573,2834,4888,-4394,93,5010,-3341
,196,30.74606056174014,-3281,-773,4341,-8002,-8027,8087,6015,977,3271,4457,-7336,1739,1434,-5188
,197,30.763603768654786,7409,-3368,2282,-2032,-2232,6200,-5866,5367,-5016,5534,4772,-2159,-6761,6907
,198,30.78173115041818,493,7584,-300,7210,4556,-26,-5342,-5690,3564,-7663,-6047,5988,2067,5526
,199,30.800304147256536,-4950,3235,2470,4869,-6070,330,1114,6472,-2316,2262,-390,6058,2631,6635
,200,30.81999289239679,6548,8188,4443,-2904,5457,-5420,-2924,-2801,4461,-156,2381,-1122,265,1845
,201,30.837868813829974,-2962,-713,7326,5771,-2335,7060,-4878,-2336,-4086,3624,3906,-2428,-2565,3205
,202,30.856297691397447,-5928,-1536,-4107,-3849,-645,522,1225,-2791,-8077,3208,6198,-3415,206,4764
,203,30.87624559463312,8160,-4757,3166,7337,-7542,473,5257,-7485,3011,3715,6157,5851,-421,-1235
,204,30.906128746833758,-7477,6980,-468,8071,-6129,-6486,-2861,-2371,3419,4181,-386,8053,5280,-3041
,205,30.927134665132247,4405,-1938,6183,-2659,1554,-245,-7964,2547,-7129,-4650,4887,-488,3658,7221
,206,30.948464317223195,-187,-5326,7652,-617,2882,603,-3111,7505,7128,5631,8084,-8064,6447,-7920
,207,30.97078655337267,1579,-7368,817,6241,3989,2352,5080,790,-5031,-3460,3975,-4569,-8152,7024
,208,30.993036088406267,27,-2238,-735,-4446,170,2622,-2468,2804,-8170,1325,-7572,-4576,-5057,2607
,209,31.019172567217527,-2003,7267,-7053,4433,-3600,5612,1118,7277,-2078,6349,-3195,-3981,-6917,-3039
,210,31.03746416797208,-3183,-5294,8160,5853,-4920,-6659,6427,2524,2103,-2579,-2174,-8112,5415,6976
,211,31.053549076032965,-4694,5820,-3734,4948,5460,1409,-5449,-2560,-3140,4475,2716,-6557,2586,7915
,212,31.070809603902937,5987,-1637,-7849,-3723,6815,7610,-6435,791,-4367,6203,-747,-7553,5638,-1
,213,31.08784133708471,-6699,1688,7936,1792,8038,3882,3384,6298,-6222,-5537,7343,739,360,-3093
,214,31.145263244325786,-857,1239,-1535,-6832,-2653,-3137,-2996,-293,-2329,-3156,-7240,7181,3111,-3586
,215,31.162838097608518,6559,4092,4676,-7982,-2174,-3182,7695,5261,2590,-5773,-3530,-4695,-5596,1060
,216,31.18071188077359,2441,-4137,-2502,-4944,-7887,4698,-662,1018,-1018,-751,2856,-6453,-6941,-5979
,217,31.199697991011575,7549,2294,6579,810,7061,-964,6848,8008,7462,8161,5133,-3626,-228,-2695
,218,31.21707313005246,6180,-2669,-4931,1089,-7190,6052,5117,-5028,8148,-7906,6030,2529,-2551,895
,219,31.23518426097819,-5647,-7392,-3619,-8144,1500,7831,5337,-4509,-1074,205,3749,-82,6846,1447
,220,31.252520055885775,3596,5504,-1177,917,-6293,-5504,5819,-5286,-1661,-8048,-4408,6317,2317,-7381
,221,31.26964202398196,-1463,-3575,1400,-2968,-499,3327,2476,-1033,-4257,2628,3167,3200,-949,-4148
,222,31.28656042895369,6644,-24,3885,3373,-2567,-3166,3841,1627,4519,5258,5566,6897,-735,525
,223,31.30671104000657,221,-7349,7552,7288,-1426,-5861,2180,-5334,-3263,-3434,1578,5682,1341,2208
,224,31.327349603843068,-5220,6897,-938,3279,-4867,4640,587,1720,-6325,-3014,5457,7144,-3470,-4882
,225,31.346044909617547,6387,913,5002,-3916,386,6057,7643,6237,6965,5295,-3047,7493,-8063,-2136
,226,31.36411113691288,530,5497,-3376,-3968,-5662,-4489,-5756,7616,2262,-2824,222,-4898,-7215,-6309
,227,31.383910644341437,3976,6169,6480,5329,-1803,-4081,1167,3478,4913,2645,-1152,1580,-2745,-989
,228,31.40073325490166,-1100,-2019,-8001,-1079,467,6364,3672,6877,5173,1168,5005,5006,2091,4727
,229,31.418883302307062,6728,-1725,7210,4244,-3135,-631,2397,2892,-1955,-5797,-1041,5292,3,3882
,230,31.435662292197758,-6646,-3076,-5109,-4673,-5336,4144,2887,-3689,-7578,-1819,-4811,7276,5659,-7512
,231,31.452203506674177,7444,-4951,3525,-5068,6815,1902,3157,776,-1574,-5706,-1210,3252,4948,-5000
,232,31.468502669200088,-8079,-1418,6673,-4466,-3348,4893,-2604,1619,4773,823,2349,3890,-7114,7298
,233,31.485238038421258,1716,1737,-6660,7904,-1236,-2444,6942,-2863,5283,-6567,-3145,-8164,6730,6644
,234,31.50280818751414,4161,1440,6284,-8041,2179,5270,1986,-6940,752,146,-3927,269,2636,3178
,235,31.522636347735425,8172,-4494,5243,-7340,1240,4303,6394,-3673,-8044,-1122,6505,-5016,-1371,301
,236,31.54236529231622,6130,-1769,-6214,7817,-4679,7977,-3605,8034,-1479,-1464,-971,3328,-2653,-4285
,237,31.56016081486832,7130,5565,328,-3864,-2599,249,-6923,-734,-6036,1180,2760,2320,2433,590
,238,31.577776722898843,-7618,-4149,7189,-6178,7033,-7929,-4013,-4292,-198,-468,1376,119,-1591,5683
,239,31.595682580085626,-8178,2229,1759,5458,-1898,3858,4378,-4910,-5144,-4809,3801,6953,-1803,-7978
,240,31.612733985334046,7989,-6304,654,-2112,-8032,5988,-961,-2543,4577,2110,5547,-4189,-2893,6365
,241,31.628825735852896,-6119,5438,-1102,-7,-952,-2370,-5071,-7975,-3964,-6338,-513,-5535,-1198,-7810
,242,31.645647918759497,-6094,8117,447,-6422,-3478,2140,5949,-3142,-458,950,-6161,-5850,7835,711
,243,31.661587424588628,6242,4028,-8076,2842,-3618,-5971,5475,-900,-355,-4343,7729,6595,6569,2513
,244,31.67872735413697,3503,-8156,-7351,-4544,-2572,4184,-7989,1254,701,-1111,-123,7645,-6516,3907
,245,31.694753673651533,6550,6691,-3689,5220,88,1753,3368,450,5574,1726,-2683,4579,-7381,-7948
,246,31.71303543837276,-1644,-7106,1983,-7953,-4000,-654,4952,687,8106,4216,331,639,5679,4399
,247,31.73129282683749,1109,-7230,5698,683,4386,-1876,-7190,5836,-88,-6417,2329,3399,4937,-4060
,248,31.7498500004918,4879,-381,-6240,3865,2346,-7522,7837,-3427,-2933,-1040,-6466,757,-2010,2261
,249,31.76752321410778,990,-4347,-2440,-2089,-7150,-7557,-3258,-6167,8052,-1981,-3143,-7103,-2928,-5591
,250,31.785868699218806,-1113,-6597,-5902,-7892,-6333,6724,5506,-6620,-5318,1830,-1395,1278,-3681,-5434
,251,31.803380687418986,978,-5698,-1433,-5062,-6613,-7385,2924,-7502,-3152,-1954,-135,-7773,-6664,5460
,252,31.81999887954751,3555,-5241,-6394,210,-3116,-4707,-7814,-2121,4480,-8053,-437,1472,-5772,-5806
,253,31.83663246720645,-6399,-3444,-5216,7899,-4930,6169,7838,1116,1478,2789,-6801,-4507,-6380,-4256
,254,31.853313952071147,-2340,-5422,-8035,-5199,-8132,6810,-4918,-5335,-1948,693,2014,-6512,6890,1108
,255,31.869162795332247,-232,-6319,-6980,-7265,3710,887,-3868,-7157,-5177,-4761,6111,1281,2614,-5196
,256,31.885296028252508,7477,2507,567,-2299,-4637,-632,6491,2157,-613,-2625,-6448,7768,-6111,2096
,257,31.90123382346715,3766,7012,4129,355,-285,1081,1725,-5675,-8105,5717,-1928,1648,1046,4230
,258,31.924067105695876,5814,-3659,4809,1154,4372,6472,4079,-1453,1947,2407,143,4640,-1431,-6717
,259,31.942710665381995,-7850,-4525,-4355,-5360,-2870,6283,3101,6062,-7090,-7913,116,-268,-5257,4321
,260,31.960107614757643,-5118,2677,3470,768,-3644,129,5578,5057,-7322,437,1708,-4410,-4557,2638
,261,31.97752295323907,3194,-7150,2863,-2412,-8041,-6238,1292,2962,-5716,4623,-4280,7988,-121,1135
,262,31.99483651015827,2131,-1863,-5680,-4314,6452,-6719,-847,-2710,5408,3807,7262,1318,3620,-3429
,263,32.013811929055684,1648,-2603,-2739,3314,-5313,6313,7933,-6059,-6564,7278,-1377,6821,4309,-7087
,264,32.03127473708924,-7581,-169,7015,3820,2934,3866,4291,-5191,-5806,7830,-4196,-1627,7308,5977
,265,32.04758630157021,1693,2104,-1670,-3959,5413,3821,2461,-515,-7459,5877,3685,-7696,1177,-2544
,266,32.06378667610926,671,-3359,-7955,1151,-1412,-4989,-2137,180,-5364,7575,6735,-1497,-5479,4640
,267,32.08075383359399,3686,1521,-6806,-3780,3584,-74,5223,-4946,-1502,1284,-7065,-7420,-826,-794
,268,32.09677074472885,3936,7746,-5454,-968,-4179,-7257,5587,-4961,-4359,1943,7466,1160,-3114,4039
,269,32.11507603039933,-3207,4835,6850,-3701,-7284,-507,-2439,4658,-5666,-2778,-469,4206,845,-1946
,270,32.13266713451973,-2248,-7993,-1224,-287,-1463,1122,-5683,3313,5447,-240,-2658,-1429,-2772,-1329
,271,32.15010086210694,5187,-4217,4722,6867,6713,-3263,7051,2991,-5926,-528,2442,-543,1168,-44
,272,32.167942143596676,-2071,-4365,-2280,-797,-3291,-7297,-2759,-7568,958,2236,273,195,7714,-6926
,273,32.185682071177816,1353,-3398,-4290,6945,810,-4224,-2968,-626,-1764,4187,2347,548,6579,-5610
,274,32.20398521858018,-90,-2024,-1610,3680,7722,-3194,6618,2784,3120,5856,-7107,-5302,187,5277
,275,32.22168409141353,3100,-1484,-5503,-4446,-245,-1689,1661,6911,6449,5358,6748,-6503,-7181,-2612
,276,32.2379280866221,-3686,-4657,8177,6934,-5087,-7803,-829,6063,5300,5657,3995,6190,-86,-4139
,277,32.25486188712425,2413,-1933,4576,-655,3308,-4867,7097,7559,-8004,3355,347,-5546,1372,-2383
,278,32.27063075915788,-922,-4307,733,3527,7346,7284,-2835,-6886,936,2715,-2208,-1892,7137,-3138
,279,32.28754274932527,1989,-741,6424,1675,-3117,4170,6230,398,-4659,3240,-361,-6351,-4553,-6738
,280,32.30391888950329,-454,-1963,-7979,2826,4934,1217,-1258,-161,124,-1188,6510,3839,-6140,6037
,281,32.325011193833575,-549,3913,-7460,8142,1188,2456,6282,-5975,2313,3703,-4967,4137,-6489,-7127
,282,32.342042499361725,-2278,-2482,8188,7347,5821,-3781,7224,-6421,-3455,1787,3754,189,-33,-6706
,283,32.36015405794108,3716,648,5215,4567,-7804,-2459,-4224,3630,-4397,-1061,4108,-2218,-6532,3540
,284,32.378368681043526,-6877,4964,-2003,-7749,-5986,-6818,-4029,5861,1638,5359,5770,6251,2848,5439
,285,32.39623647705788,-3648,-1654,3665,6737,981,7980,-7455,5898,1057,-5690,2278,-6265,-5711,623
,286,32.41421845658952,-2685,-4421,1368,-3890,-4505,8148,-1312,-2040,-6752,-6216,7267,5734,2672,-6847
,287,32.431894236127235,-6619,-3822,610,-7279,3710,4896,-2894,4104,-884,2237,-7394,102,-6853,-2757
,288,32.44876175031786,-149,-2794,-2033,-4858,-757,-1498,2058,-6966,5869,-7989,6214,470,-4239,3449
,289,32.46549968546076,1796,6520,6047,-3384,-5001,-489,4689,-4717,6252,-4547,6076,931,167,-4065
,290,32.482095211947275,4782,-7200,3059,-5604,7768,-331,-803,-2437,1582,-4433,3642,1866,4601,-4901
,291,32.49891397362489,-1158,8157,1637,4380,3713,3249,6535,7470,-346,4617,-6108,48,-3828,6778
,292,32.51557279284758,2686,-5086,-5102,-1365,6004,-1918,-4720,-3169,-6547,-4311,-7659,2296,-7701,49
,293,32.535643860326616,7521,-15,-1037,4530,65,-6099,7419,1615,271,1992,8023,-7635,-3449,-7569
,294,32.55280388959523,-4124,3863,-4857,7895,104,4575,-7037,7347,4565,3357,-7035,1364,-6627,-6964
,295,32.569880526407395,7032,7552,5283,-6491,3954,-1923,-2023,5533,-68,5516,378,7040,6898,1129
,296,32.58745495203651,1214,4658,-1308,-3862,635,648,-3644,-7219,1141,-1742,-7459,-2739,3914,5661
,297,32.60546173547827,1114,526,-6030,-1181,4979,-1726,-2260,6790,4026,4553,3186,7410,2045,4467
,298,32.62296431529875,167,5029,-1729,723,-640,-4703,-7506,-4918,-3349,-4178,7939,5518,3808,4129
,299,32.64001785881529,-7098,7211,-2102,-6603,-6295,-4094,4512,3408,518,5127,-926,5644,-1011,4895
,300,32.65700939255652,-3968,-6714,-2448,6765,5767,-3278,-3370,6424,-6195,1552,5039,-4498,6656,4369
,301,32.673942765405044,0,7087,-4147,-7375,744,-5438,-6269,8136,3281,3688,1928,-1389,-315,5914
,302,32.690673002782745,1142,7564,7807,3187,-4741,-5936,-2128,7872,-3960,5461,2073,-3914,-6670,7044
,303,32.708401383716065,4721,3654,-5168,-4300,-6170,6795,2819,-1875,-3557,3081,6145,-2915,-2241,1294
,304,32.725395483379025,-2371,-2502,4811,-6168,309,-793,8092,7126,1415,-6863,-6541,-5110,-6576,4329
,305,32.744628777410995,7801,4685,-8054,-4077,-6346,-4748,-1562,6555,-7227,3300,-6039,-55,4070,7113
,306,32.76277540358741,5653,3943,-3644,8067,6327,1818,588,1306,936,6208,-3700,-1473,7904,-161
,307,32.781432648189465,2016,-6898,-3637,2661,-6055,-7733,4718,1589,-2371,7311,-1581,-5118,2488,531
,308,32.7994783481109,-887,4009,2148,1402,-2035,6316,-3075,-381,-2103,-6695,2828,-2140,-7730,5079
,309,32.81723794775869,-7704,-7125,3818,463,-5911,-713,6979,7097,-2916,4720,-6563,2508,5047,8007
,310,32.83455235998513,3460,-6780,7986,-6161,7319,-2037,6774,6691,-7209,5502,-5924,2059,-5387,-806
,311,32.852010891482465,7969,2,5739,-4899,5499,7513,-7392,-201,1545,-4455,6946,4166,-1869,2541
,312,32.869657162920205,5275,8187,4014,94,-1863,-6395,6820,4013,-7591,-1400,6967,-3183,-3701,6278
,313,32.88733422541879,-7377,2996,-4351,4038,3881,6338,6643,-1762,-5012,5958,-1442,-5761,-2662,4771
,314,32.90438776893533,-2555,2516,-1586,3765,-7057,596,-628,2373,1400,939,-1292,-2264,7946,1007
,315,32.92122791329408,-1067,-1823,-632,-5735,-7315,604,-5681,180,-3799,2906,-4506,7710,2681,926
,316,32.938454228874235,6328,-2325,-3493,-1367,-8047,7172,4976,-8152,7252,-749,6767,3145,2056,6905
,317,32.95796592541464,4489,-6227,7227,2717,-5433,-7244,1727,4538,-5084,436,2178,-5925,-1636,4184
,318,32.976698009400685,-2541,-1065,2155,3894,-5552,2666,175,7880,-5036,-715,-4448,2922,-2616,5
,319,32.99531847579117,7900,-4446,-4326,-5938,7298,-3323,-1938,-4853,-868,1343,1426,5315,-7575,-4744
,320,33.01490415640833,2776,3194,-156,-6648,4112,-6554,3256,7747,-1350,6099,-3941,-5833,-5373,4620
,321,33.033022129792016,-5413,-3880,4323,1397,5688,-2776,3453,1636,-4655,6375,4818,2512,891,7889
,322,33.052058275503875,4346,-3948,6800,912,2391,896,1394,7548,-3722,1737,5460,2896,-780,-2748
,323,33.06853192070788,-8157,-868,2388,-6150,4691,-6403,-4791,3326,1617,-3887,4418,2476,5449,4942
,324,33.08509836674805,-7179,-4407,-4395,-7958,5455,7153,21,347,7855,1333,2008,-2147,-7462,-1053
,325,33.10249617143094,-2474,-6793,-1200,-7031,6837,-1848,4720,-527,-4072,3129,6571,3845,-311,-1772
,326,33.11966090488941,-6478,-7360,-814,1453,-3290,-7522,279,183,3426,-2209,5334,4319,3677,2383
,327,33.135789005966195,-5142,3196,-3860,7127,90,-6676,-5496,6704,-4351,-834,-7179,7057,6400,6726
,328,33.15574161339172,6892,-6747,1684,3716,-2976,-6381,2735,5709,1015,2738,7896,3790,2456,-7870
,329,33.174328295146005,3557,-4072,4785,724,7627,355,-28,978,5073,5648,-2487,4291,-3527,-5679
,330,33.19262117886142,3729,-5835,-5739,435,-1530,506,-367,5753,5892,1831,3863,-3338,-5053,8096
,331,33.21002197711967,5857,-1958,6218,-1207,7361,524,-4934,4579,-841,4709,30,-1874,-2048,-5822
,332,33.228643726471034,904,5729,25,-1939,3611,7252,4850,-5827,7482,39,6505,-5269,530,3620
,333,33.24698023085598,4027,4583,-5383,405,781,-8032,-6757,4913,-7135,-3524,1099,-7466,-3063,-1172
,334,33.26399827912182,-3716,-4863,-1318,6504,-5260,3739,-1632,6946,-7447,6061,-1937,-4707,6026,6142
,335,33.29688013852556,3101,-6723,-8051,907,-978,5263,6072,5398,6060,1009,-7428,-6704,6131,3336
,336,33.31393068846674,4863,-5451,6767,-4743,-1618,-5071,-1903,7967,3382,7690,1544,5275,-2367,1317
,337,33.331211743710604,-1701,-2541,-3492,-2554,-6907,5462,922,-6899,4595,-136,-4259,-7146,-6242,2591
,338,33.350935128794305,7627,7096,-1166,6122,4357,-2108,4141,-4982,7145,-4191,4244,7459,-3685,-7219
,339,33.37067647533016,5850,-7534,-1303,5149,-6295,-8080,-5059,2891,3261,8171,-2357,-6183,6664,7680
,340,33.390292947008156,-7058,3846,-1478,-7311,-4052,-3009,5160,598,6676,2366,-6694,6403,171,8160
,341,33.4096177589154,6574,2240,-8017,-698,-941,7144,6553,-1217,1874,-1675,-909,-2768,-1226,-7819
,342,33.4274432172211,-2723,987,-4936,7094,4413,3217,3177,-2631,-2397,2900,875,7701,-1517,-4336
,343,33.44523146966161,1666,1938,-4903,6107,1623,502,-6506,4804,2638,4803,2019,-5704,3989,715
,344,33.462751155627004,-3679,-5449,2057,6796,-4717,-4026,2884,-2313,-6418,-3917,7343,7812,-5522,589
,345,33.4811710524684,4129,1737,2654,6652,1429,-7507,3491,3846,-327,-1286,-6481,-7978,914,3213
,346,33.49858125910635,6022,-3800,3725,2871,-4372,-230,1984,-6925,-3554,-6127,1130,-7035,-1434,848
,347,33.51568783167211,3530,-6604,-8120,2764,-4602,3714,6918,5290,-6942,-3024,6561,-5922,-3042,2037
,348,33.53401150644837,1265,4742,-7459,1355,-2055,195,-3404,-884,3502,-2862,1167,-396,-4063,3488
,349,33.55111380247791,-5900,3369,6214,7748,-691,2700,471,6615,5765,-5593,-607,3866,-4740,-6645
,350,33.57018330517234,-5663,4644,4384,-603,-3016,-2386,-1429,-2504,1622,-5452,6937,-5438,-6154,-6481
,351,33.59049685225551,-4320,-8043,-2875,-1169,2837,-7727,3862,1616,3935,-517,3827,-6380,731,7483
,352,33.60883335664045,2254,2785,3231,2558,174,20,-7262,-4057,-744,-7302,3268,-8050,-4869,834
,353,33.62721390934855,-5559,-5613,-961,-7651,3392,-981,-7245,-6121,-1149,-4738,-864,-7477,1068,-3063
,354,33.64535155479889,-2925,6778,-1385,4511,2331,4829,-3737,4389,-1687,-6237,8183,3381,-5329,-600
,355,33.663046578749636,-5223,3344,592,3091,2960,-8139,4221,7852,197,4753,-2579,-3738,-546,6314
,356,33.68126376777382,7617,-4922,-1735,-7934,5489,602,-7270,4869,-2847,-7784,-1784,-7160,7282,3177
,357,33.69958744255008,-6208,-1238,5628,-3848,2879,-5306,5410,2656,-327,-172,-1007,-830,-860,-7567
,358,33.71786450308146,7176,1260,-1992,-7706,-8087,208,8138,-477,2931,-439,6580,-6656,-2858,4956
,359,33.73540557172799,-7110,1818,1454,3221,2005,4479,-1978,6468,5659,6375,3291,-4258,-4636,-1426
,360,33.753240438413386,-6915,809,3394,-7062,2620,849,-6904,6636,4163,-5408,-2386,4709,-72,1167
,361,33.77014815204455,-4655,-2588,2442,747,-4729,-6123,2656,7107,-7906,-291,2822,6716,-572,3483
,362,33.790279946338025,7169,657,4528,5844,-7766,1479,5614,2028,-2723,2431,-5380,2409,7782,3839
,363,33.809744600979926,-3354,1484,-493,6539,5991,-6403,1329,1660,7015,863,-871,-7714,2357,430
,364,33.82776164810864,-1139,-6969,-6923,-3949,2349,5101,-5194,-4526,-5798,1912,-5662,-6878,-5150,-6913
,365,33.84591297847491,6172,-6410,-7830,-3888,5676,4461,650,5507,-4517,974,5309,6864,-6674,3100
,366,33.86383722476747,-3793,-3720,4864,4654,-3988,-4816,4676,1518,7548,-943,-3911,-3081,2595,7509
,367,33.88082191605074,4962,-1700,-3334,-7924,-2856,1267,1620,2658,-7474,3433,8081,2778,2791,1593
,368,33.898697409830305,2583,2160,7265,7207,7551,6797,3066,-3125,-2689,6254,-187,6122,-6093,5496
,369,33.91530448296463,4778,-1057,-1293,-3105,1717,-3394,2695,-2523,-1599,4721,-7197,-3589,4755,-6137
,370,33.931686182639744,-156,-5044,4844,-3193,-3290,-3348,-7097,1592,-341,-2826,-3753,1557,945,3623
,371,33.94833046163926,3816,2182,-7200,1436,-5136,5504,-3401,-894,7653,-2371,-631,-7900,5582,718
,372,33.965707738948254,-4243,6987,674,2732,-6164,-2002,-5323,1052,-4607,866,-5058,-6870,-1931,815
,373,33.98183669533229,-8085,-1759,-2545,7026,1979,6365,7340,3045,2719,-708,1495,-2510,6962,3761
,374,34.00466954990739,7234,6681,8117,2169,3877,-1367,-654,-5334,-254,499,6623,6515,-3474,-7937
,375,34.021806485880376,3874,7444,-6582,4582,-4536,1709,-6797,3847,-6946,3450,6234,5978,-725,744
,376,34.039100370732925,-2805,116,6106,7285,926,-3222,658,-3476,5626,4884,-7294,3919,-652,-7942
,377,34.0569348097647,1987,-6689,-6055,4339,3392,4436,-4459,-6144,245,2304,-4041,1076,-1438,-2828
,378,34.07571650157099,2547,7601,-3929,5637,3050,6588,-4202,-8154,3627,-6697,1869,-7627,-1251,7708
,379,34.09472869867996,4728,6843,4732,5375,-5474,-7746,161,-625,2200,2011,2121,-5357,-4126,-1403
,380,34.11179549945881,-2896,7172,349,-4385,-727,-3546,-5755,-5509,-5869,-4916,1065,4283,-7076,1976
,381,34.12894783096221,6467,1327,1267,-4065,-3884,-3361,4890,156,-7296,-2027,-7976,-2228,5741,5488
,382,34.144836446010224,5014,-2543,6427,-816,3599,-4722,-4689,-8041,762,4667,6339,-7798,-3123,6370
,383,34.16119334177522,3766,2928,-4204,-2823,-6649,247,-6708,5026,-464,4357,-6834,5887,1776,4984
,384,34.178076679149875,7760,662,3550,-1208,4618,4340,-4832,-2880,81,7178,-2504,-1645,5516,7046
,385,34.20205265185873,-1561,-8042,7309,-681,7200,7648,4176,5310,-7028,7897,5118,6763,-3124,-5622
,386,34.224282942479306,4430,1070,-4633,8147,5738,4307,134,-4515,1032,-6158,-3072,-1060,8124,-6647
,387,34.244286868339564,-5388,179,5963,-6148,-5840,-4976,6725,6152,7407,2758,-3326,1196,2296,-4209
,388,34.263033064895154,-1130,6090,1057,-5681,-1747,-5718,-7492,-2344,3402,567,-3632,-3619,3890,-4545
,389,34.28106807347602,1043,-3129,-6914,5323,-7889,-5441,-792,-7572,-4896,-7491,-3816,1204,-747,5787
,390,34.299871575617075,2331,3241,-5419,-3771,-1289,2412,5549,-3808,-3362,-7893,-1161,1079,6741,3669
,391,34.31716118393339,4577,5117,-6411,4456,-4915,3071,3070,-5117,-253,3818,3479,571,5630,7277
,392,34.334123637228274,-1893,-311,2324,-8043,-5919,382,1284,-2594,7357,-7763,4173,-4144,981,7491
,393,34.35249520921029,-3056,1370,1167,-7451,-4294,4408,1496,1596,2581,7394,-1562,-2692,-6630,-5204
,394,34.37156685017283,667,3499,5626,-5409,7617,-3147,1482,-153,5900,-4269,6632,6180,-4342,-6445
,395,34.38855196910972,-4140,-2744,-1153,1419,3390,6137,2736,1964,-6553,-4935,779,-6933,-7429,8080
,396,34.40750942655498,2560,-1046,3248,5532,1226,4532,2541,991,-4737,-3946,4370,7842,-77,6144
,397,34.42533702312879,782,4425,-2917,-6213,3302,-441,6973,4969,5743,-716,6292,-7161,5639,8002
,398,34.445599251777224,4020,5888,-2082,1193,2682,4381,-5038,3281,5983,-4446,-7265,4949,-5354,-2672
,399,34.466828832920434,6229,-6436,-5269,4673,7110,2821,-3267,-3166,6764,-4691,-7210,-2469,2261,-2516
,400,34.48695250179507,2227,5794,-4755,-4721,-1915,-2876,-4725,2721,3320,-2746,5033,8020,3259,-6829
,401,34.5058325539346,-8038,-6816,-2621,-3400,4951,-4560,-2336,-6728,-31,-2063,-5859,3994,-5543,-4560
,402,34.52280569857005,5499,-7855,5132,-3709,-4382,-5679,-2706,2269,-6858,-5896,3722,-5341,-1057,8104
,403,34.54030742308329,4131,-768,1202,945,6092,-1603,1427,-8172,162,-150,6519,-5661,752,-2061
,404,34.55761028866192,2545,4059,-5431,7344,1148,7819,640,-7043,7452,-3231,8005,2272,-3257,-1182
,405,34.57599340729175,-5746,5820,-3975,955,-6373,-7656,-7186,122,-1339,2458,1889,-4118,4042,-2732
,406,34.595156566129575,7821,436,2395,628,-7717,-5658,-6734,-3466,7556,7947,2266,7197,-3780,-5541
,407,34.61557659896482,267,-4788,4352,3650,7614,7617,-6146,1693,5111,6945,608,251,5757,-5167
,408,34.633945605025104,6043,-5114,1308,5915,1924,-5362,-2428,-4893,7085,-3648,-5689,-6541,-7170,-1408
,409,34.65611730709935,-854,-2494,-3431,-2220,-3617,5670,-2357,-2952,-791,4137,7584,-8134,-5476,2311
,410,34.675426295822554,-3604,3882,-7745,-6102,-5681,1989,2081,7095,-2710,2227,1856,-2223,5615,-2365
,411,34.69252474296948,2464,2907,8038,4811,-1876,4337,-4176,698,4476,7413,7350,67,-4079,-2180
,412,34.71014321692174,-5271,-4941,-6478,-4640,44,5626,-4530,7354,1709,-1079,-2893,-5465,672,4420
,413,34.72772320204795,4945,-6436,-6202,700,-3202,3690,-3218,5534,-7713,8111,-5865,-986,2852,-4263
,414,34.74419727490559,-3597,5323,1023,-7013,-4731,-949,532,-6921,7893,6463,-5391,5148,-7800,-3671
,415,34.760965573455714,5687,7692,8069,-6965,-4216,-5010,-3908,6964,6836,-6325,-2381,8185,3655,-4590
,416,34.77738832787861,-6262,4654,3418,-1233,-2568,-6225,4460,7094,-5253,-4372,1966,2596,4345,-2255
,417,34.79445127977485,-3127,4317,-771,-2442,-168,-5883,4084,2654,-2346,-2757,8045,-3624,-4635,-2225
,418,34.81139235038859,-2999,1036,-94,-3899,-6073,2062,-2391,-4132,-3967,5017,4826,5296,-4796,-7666
,419,34.83325272062544,6626,551,-7917,1306,-2697,-6968,4356,-7032,-1712,4155,4927,2890,-7742,-7652
,420,34.85334944732184,-7736,-1972,5932,-2204,-6855,-6473,4905,6822,-5005,5418,3220,1769,-8131,-821
,421,34.87623319267806,-3029,8112,-5801,-426,-1680,6153,-7977,4755,-625,-1725,2184,761,2249,3489
,422,34.897048805114395,1217,1786,-5331,7562,752,-2124,6199,-1517,-6926,4698,-7858,4795,-1936,-6084
,423,34.91559101089191,-6557,-4296,3481,-5415,-5770,-7074,-6798,-7761,-1019,-4219,5095,419,-2265,-2402
,424,34.93270528122289,4656,-2278,7745,1731,-7999,57,2905,5090,3216,-5588,6572,-4254,4834,-3696
,425,34.9489501317387,2138,7979,6360,4645,3314,-428,-1215,-139,458,5191,-2169,386,6950,-1594
,426,34.966056704304464,1490,-1901,1400,4531,-1295,463,-4662,-115,1421,3717,-5438,-4405,5048,7599
,427,34.983038829665986,-5435,-1569,-6973,2139,-315,-917,-2701,-4387,-7679,-7845,4922,1835,-414,-3363
,428,35.00077319775003,7769,-628,662,-6132,-3787,-6913,7821,-3253,-1775,-7446,5166,-2797,-7991,-2306
,429,35.01865767225567,-7233,483,-2957,-846,3849,-6086,6796,4229,5403,6199,-5506,-7002,7483,-7558
,430,35.03562440208678,-4981,-688,-5520,-4484,-2186,1567,2660,1169,2322,2011,-7819,1930,-1880,4492
,431,35.05216861013856,-3534,-6759,7496,3763,2884,7335,6982,-5747,6294,506,7883,3526,3593,-6407
,432,35.068445107022455,5962,498,1703,3802,-7616,-8008,446,7238,-4617,5331,-4106,-774,6644,-3152
,433,35.08553842232591,-2558,-5718,-5869,-7663,-7635,6783,3503,-3619,2292,-4299,7984,5838,-1571,-1580
,434,35.10667947916921,4610,5382,-1029,-6373,-4076,-2256,-107,2625,-5401,4095,-2418,-1081,7912,-4830
,435,35.12542353745668,5241,1978,-7833,5898,-7609,-7091,-3220,-7107,6219,5799,2905,5120,7261,-1340
,436,35.14220936980534,2672,1515,872,3015,-4610,-6929,4354,1238,2842,4481,-1804,1742,-1796,6668
,437,35.15915599991618,-1427,7391,-7888,1061,6651,4181,-7450,-7084,5877,-4123,-6277,-3949,-3470,4776
,438,35.17593627276774,-3400,-7961,6777,3452,3930,-7623,5370,1828,-818,3547,773,3857,893,24
,439,35.1929808355582,-900,-260,-2379,-950,5754,339,6709,5170,3287,-923,-1173,-2541,-7112,3228
,440,35.21015882627897,-1100,2204,-3280,5108,-5196,1519,7325,5802,7512,391,-3845,3961,-2326,4973
,441,35.228916141828755,-2114,1788,-1002,8077,4446,2678,4767,3484,-5466,6231,6242,1933,2314,-6256
,442,35.246761272201105,7623,-411,-7528,2436,8060,2758,-1385,-4054,4408,5820,3233,176,6609,-3544
,443,35.26364760315112,511,-5768,-1097,3270,-3595,-7673,3426,2160,6720,8002,4994,1063,-4179,1214
,444,35.283827722303975,-4298,998,3674,-3589,-7360,-7613,3863,-1586,7711,1741,3303,5822,-6697,6553
,445,35.30208168953972,4125,-5211,-2295,5741,-4123,-5030,1791,-4251,389,-405,7045,2303,-4877,-4278
,446,35.31988918639326,-2691,3265,-2115,-6818,-1598,7512,3197,2218,-2838,3553,1671,1578,3127,1037
,447,35.337482428781776,1451,6628,-4489,5795,-5347,-7333,1015,5691,-2605,-1560,2948,-5968,4448,-2966
,448,35.35770403033604,850,528,1119,2935,-5066,7065,4019,4201,5262,2877,4832,-3727,2510,-5945
,449,35.37694972632306,-5895,1567,786,-7206,4218,2483,-1746,-8183,-6776,-3920,-4945,751,-7954,3186
,450,35.39348110476616,-1925,6885,7518,4631,-4156,8002,-2672,-5784,-1992,839,2876,5756,4020,-2252
,451,35.40976358880078,6882,-6166,4801,7882,-8087,-2830,-1720,8031,-4627,6999,5034,4595,6053,-1605
,452,35.42750351638191,1618,209,-1120,-5932,-2941,-1440,1152,-4206,2498,5092,-4291,-2667,7435,-2712
,453,35.44536874647453,-1882,-3654,1325,5461,-2869,2986,700,5594,-3601,1287,-990,5058,-609,-4957
,454,35.46319506008747,3235,6217,-5062,-6976,4329,-4774,-4608,4975,7141,-7215,4380,-3099,5732,-337
,455,35.48052486784434,-3569,2002,-4168,-2650,6008,6651,2811,-1733,5250,-135,4265,1703,7549,-8003
,456,35.49889472921186,5721,-4527,989,-7445,762,-7590,-2727,2115,4365,4513,-5199,-5247,-4974,-6840
,457,35.51783892939481,1118,3333,-1806,2778,-2592,-4089,3021,7857,4255,5106,3297,-3069,2804,5589
,458,35.5362117843377,4445,613,-6101,5478,197,7919,-6784,4542,5822,-5375,-5263,344,4710,-252
,459,35.55343596164973,-3786,-325,-247,-2995,-7800,-2982,-1468,-3640,2319,-6400,2812,634,-1700,5673
,460,35.569971616629054,3537,6409,-2948,-4984,-4742,-1915,-7165,-7524,-6254,2244,5853,-6979,-4313,-5148
,461,35.58699950092822,4192,-2409,-8145,-6824,2911,-2084,-261,-2614,310,-3551,3580,-5336,187,15
,462,35.60336922630189,5006,-7581,3961,-8052,6756,-5205,-604,5990,329,5079,7827,1421,-3076,2382
,463,35.621376865050905,-1440,-2901,1682,-3766,4607,-2458,-5979,5137,-8075,1708,-7305,-5514,1726,1549
,464,35.6417921936963,-6770,-3424,5609,2746,-3994,-55,7029,438,5850,-3367,6714,3795,-7050,-5443
,465,35.65974979697144,665,-7525,-4215,2052,-6599,5064,7461,-474,4112,341,1504,-2070,7224,4908
,466,35.67728274019914,-635,3869,591,-3329,4329,4381,2833,-204,-7699,-4408,-4532,-4852,-4329,1357
,467,35.695469565816104,-5136,183,-6522,-588,-5006,4784,5442,4261,-4699,-1154,-6481,-6909,5042,-2991
,468,35.71483970900737,-7882,7288,7624,7241,-1380,2366,-1798,-7699,-958,-5609,-4031,-5843,-6607,-7235
,469,35.733017981551875,559,4171,-2181,617,-7857,-2386,-7867,6746,-6242,2852,1627,-3030,-1521,6408
,470,35.75039483120725,-3881,-385,6515,-6441,2763,-7153,4708,6317,7884,4061,-1605,20,-3825,-7544
,471,35.76813433113477,-6475,3038,-6972,1210,-6021,-5250,4155,730,7077,347,-3491,-4242,2319,704
,472,35.78499756878915,-993,1873,4533,-7985,-172,6619,-6512,1086,5826,627,-1053,7058,-3023,5200
,473,35.802910268433905,7205,6779,1140,-4666,5805,7022,-6898,-4404,-3988,4637,758,6641,4589,756
,474,35.820083554964825,10,-4961,4764,-4586,1264,4618,2178,191,5514,-7804,-2278,-1695,2740,4571
,475,35.83979795932244,-1347,-8043,-794,-4385,7771,975,5200,-7063,-4134,-682,3764,-89,-2489,-7715
,476,35.8581947628682,-7683,2774,-3693,3335,2837,7933,7176,-4189,8086,-5819,-685,-4416,4150,6149
,477,35.87692299797164,4264,671,1802,7939,-8190,5537,-6599,-4830,4114,-7538,3278,-3010,-4508,-4972
,478,35.895193643698676,-2866,3417,5319,949,7248,-1273,-6032,6989,3508,-808,-4998,-7484,-2760,-460
,479,35.91306315032752,7467,1171,7289,5078,702,-5433,564,6186,5082,6702,4513,-5111,-4872,3989
,480,35.931384259182046,5868,2316,1000,-5692,-2032,2043,-6642,-3678,-3454,-7939,-2862,2851,2834,1859
,481,35.94921442167759,-611,-6008,-7205,-2404,-5305,-4017,4283,-5846,-7606,6807,-2846,-2789,-5023,3972
,482,35.96714978696435,-6621,1912,-7492,-6073,6150,-2764,6339,4092,761,7056,7105,6728,3839,-2105
,483,35.98429698662428,4419,934,5112,-3485,7917,-3239,-7766,-8119,-2873,-3867,-2772,1754,3434,-5613
,484,36.00095067400349,-623,-5672,-4205,-2405,-4913,-5519,1438,7363,-2931,-5694,-36,-2162,3711,-592
,485,36.01879708733671,-1753,-1548,4613,6386,-6539,30,1620,-1328,-306,-4628,2206,-2214,5199,1778
,486,36.03677906686835,-2124,-2238,-2580,-620,3322,-7365,2645,-7764,-2971,-7997,4546,6291,1985,-8042
,487,36.05554792906595,5935,4604,-3744,-1934,5299,-3139,2915,2442,-3621,-7953,5806,5259,-6166,5013
,488,36.074038388755106,-7436,7043,-5389,6245,-5917,-7499,5238,-4548,-912,6746,-5708,-3509,7112,-1442
,489,36.09246983224431,2831,6470,6590,1251,4574,4088,3540,7323,6772,1562,1617,-3071,6072,7426
,490,36.1108033430539,5964,1343,-7455,5651,5154,-7014,3343,-91,2630,2484,-6328,4796,-1662,3603
,491,36.12979672340347,1885,-5274,1442,-3911,-6085,2724,-7395,6414,-2743,414,5687,-5827,7784,3713
,492,36.14786551662054,492,3344,-4865,-439,-8050,3957,4462,1199,-6395,-4834,-240,439,1494,-8070
,493,36.16498406348774,-7057,6049,4090,171,7805,4640,-3600,7476,7476,6416,-4183,6304,7225,7639
,494,36.181946089129,-6018,-6537,-1234,-4530,-4509,2509,-6156,3350,-7525,-2512,-3802,-4174,-2442,-4167
,495,36.19929770722063,4927,-7911,6898,3926,7970,7230,-5098,-5125,-4897,-6168,6808,5420,-8031,-3201
,496,36.21597063901287,2221,2647,547,-7067,-3545,5210,-3125,-310,-7626,5575,-188,4108,2514,-8046
,497,36.23272097611084,2207,3220,1066,538,-6501,-2492,-5641,1207,-1039,-7689,-3357,-3868,57,-6835
,498,36.25057294894115,3492,6771,4321,-7235,-4369,6432,-3145,253,-7487,5699,3569,5158,4643,12
,499,36.269592416161714,2049,-4420,-2155,3741,-6869,2939,-2164,7744,3823,-6164,-571,6387,-6391,4818
,500,36.28741830212103,-6665,-7297,3763,-2035,-7940,-2865,-4236,3653,1996,-2154,-2821,-7045,-7706,-1525
,501,36.30539172858022,-3307,-4742,3435,7892,-2029,1634,6003,-5574,-6888,-4058,-2031,7945,-4151,1356
,502,36.3236538212348,6069,5105,1887,-1610,-4224,5171,1256,-1291,-4200,-5367,4540,-886,-4828,2205
,503,36.34170721892145,-7318,5509,8012,-123,-317,-3340,4094,-2205,-5187,997,-887,3083,-1187,4298
,504,36.361824045338125,3849,4963,7504,2407,-2434,3454,7521,6028,-1628,5364,1276,7430,5787,2701
,505,36.380831538257254,-599,-7661,4362,-4699,-7609,-445,-4306,276,2009,-463,-5100,-2252,-2321,-5672
,506,36.398325137351655,-7400,-3740,-5889,434,-3701,4253,1921,7937,-7685,-7803,-185,4248,-3226,-7043
,507,36.415649385611424,-7815,-3682,5105,-5587,-7308,-7909,-3643,3562,3554,-6437,5406,4978,3089,-5861
,508,36.43196308836051,-5940,-7812,1771,-7823,2277,-201,-4717,-7005,-1216,-88,-4393,-1615,5462,-5343
,509,36.44892425869452,1696,6448,2726,-8100,-5208,-5827,-3209,-8137,-2849,-2096,2363,-7050,2427,-2277
,510,36.46601500807624,5383,4241,-6623,4821,-2823,8151,5271,4369,-1577,2017,1854,6937,7529,3043
,511,36.48752769591775,4777,1651,1893,-4273,-6855,-5843,-7892,6600,-7048,-4084,1628,-6115,2484,-7867
,512,36.50690382625973,-5119,-6294,3584,-2566,-6544,-1374,-3512,765,5244,5500,-7360,3730,5099,7022
,513,36.525192433438924,-4884,7597,2321,-5891,-8179,5564,-7348,-3811,453,3300,-6483,1851,-3360,364
,514,36.543389522742835,1977,1876,-7583,-7609,-7781,-7729,3570,-2644,-2646,-2849,6148,-4570,-2948,-4667
,515,36.561136720435556,1369,7324,4638,-4130,-2149,-1677,5903,109,-3106,6113,-1242,8070,-7306,3593
,516,36.579331243817734,4394,-1909,-7744,2199,-7007,-6877,18,1726,1571,-2056,-6537,2831,460,-7054
,517,36.595961410247696,-4965,-2535,1012,-6499,-1985,1511,2448,-6411,2614,-4348,-4164,-2303,5405,2915
,518,36.612196424730186,2995,4001,6666,3013,6211,-1237,-4551,2725,-906,-1424,2736,-2060,-1329,1780
,519,36.62865210848204,-5793,-6558,1380,-7500,-5261,-5763,7421,-6302,-6954,-967,-6079,2098,-7812,-1643
,520,36.64515782770776,-5075,7170,120,3380,634,1781,-7576,-4700,995,3367,-4427,-6924,-1281,-5161
,521,36.66176917737832,303,3383,-3557,-1200,2033,4669,6648,1022,-5155,6564,962,-7374,-422,3093
,522,36.68172648899369,-3702,-6471,3024,-5273,-4946,2247,-7692,-2002,4278,6114,-2604,-6819,3030,3436
,523,36.700038189468515,-3105,3483,-5069,-1609,-7824,203,4464,-527,2101,-3719,-3254,-4252,-4344,4346
,524,36.7174864572789,6648,-4371,7494,-5494,-1472,-1343,7213,-5771,6309,2377,-5082,164,-318,6588
,525,36.73667099879786,648,-6615,6746,4902,7255,759,-2091,6343,6437,29,-2619,-3430,5483,3264
,526,36.754673933357026,876,-7574,-7497,6125,-2893,1766,6399,5845,-5334,-1756,-7151,1130,-6718,-455
,527,36.773172946118635,-3987,4981,665,3417,3788,659,-4356,1256,1968,-6406,-1724,6413,6044,-501
,528,36.79066226867681,-4464,-7031,5177,-3685,-1278,8173,6544,7520,595,-3968,-238,-5512,2392,2835
,529,36.807105978127225,-295,-3272,4792,-7920,366,-5284,-7590,4787,8017,-2064,2384,-5639,-3033,-7854
,530,36.824147974995945,2827,-5919,-6828,7253,7800,-1649,2504,3064,3856,-620,-502,-4656,-3117,5224
,531,36.8414756444847,-2885,195,-2905,-7624,-1421,-520,3053,-2645,2897,-2679,-1363,-6849,-1726,-6294
,532,36.85827815532465,7926,-7442,-6405,-1468,-2333,3433,-3720,-820,-353,-4837,-4864,8102,2298,-1156
,533,36.87536248990203,-7958,4554,-7170,-5934,408,5508,-574,-3650,4880,272,-7697,5717,-7209,2882
,534,36.89455943337605,-1720,152,-7805,4516,-5931,6128,-2090,7802,3636,-4781,1965,459,-4174,1122
,535,36.911869569066276,3009,-1365,2740,2321,-399,-5174,-7474,-2907,1625,-3858,3860,-3057,-512,6207
,536,36.9298643782066,-1387,1646,-7023,2552,-4398,-5546,-3219,3238,-669,-6,-917,-4249,7486,-3267
,537,36.947523051599404,-7883,1384,7043,7762,-2942,6205,884,-3644,-5887,-5660,-7820,4096,7512,-2584
,538,36.96611315458267,-2354,1944,3900,-4492,-8036,4164,4884,-3649,2170,2837,2180,11,3135,254
,539,36.98553589916954,-5027,2406,853,3368,4749,-2747,-5270,8165,428,2187,-1661,-834,-4461,-1216
,540,37.00333698121874,-3572,4360,-1116,7606,-6472,-1543,-1872,2096,-7118,2489,3299,-90,7363,5237
,541,37.02085709483775,-951,7558,-2486,7119,-1230,-1730,6139,-637,2272,2571,4084,-7870,671,-7089
,542,37.03724007747373,4219,-3365,3239,-4787,7544,1699,749,6403,1852,7684,579,-699,-4525,5261
,543,37.05458399780015,996,-5737,-3305,-981,-2167,-4969,4798,2127,5301,7184,-5295,-4421,2607,8019
,544,37.07404822478843,-1887,-3496,187,-1219,-7138,741,3570,3755,2110,-5763,-6526,6293,7771,3545
,545,37.09105044987023,-2752,-4454,-78,-4121,-7461,-6494,5773,-4930,6093,-523,7718,24,4699,5004
,546,37.11170227096903,101,6198,-1720,-4182,-1916,-5058,1013,856,-7880,-3098,-4535,-4048,1801,5877
,547,37.12876522286527,4514,5064,3575,426,-8190,-3690,-4883,3057,3084,4835,-7792,5958,3393,1640
,548,37.14740921020501,-8072,-4465,4308,2859,5735,5526,-3848,-7579,5329,6894,602,-3535,6961,-2216
,549,37.166810999764365,2296,-283,-7491,2852,-4519,1152,-3179,-5337,-2868,5347,-2894,5074,-6263,4153
,550,37.18627736502076,-7651,1372,2084,5704,6460,6876,5607,-2154,1451,7969,912,3702,3595,-2221
,551,37.204547155440544,-7427,3628,-5272,6109,-5046,-6658,6950,2601,1693,2131,-5019,2279,-2904,1921
,552,37.221324007063124,4921,5917,2118,-1599,1431,431,-6884,-7328,-5213,1663,-6996,-6051,-1536,-3052
,553,37.238774840795244,-959,-2457,332,-3960,-247,3742,3912,-8084,6416,7508,1792,2448,-739,36
,554,37.25574285358722,2833,7105,3048,6247,-4720,5744,1576,4,-2895,-7092,2694,-638,2853,2915
,555,37.272811364980555,4237,1779,5662,-1481,5677,6182,3039,8126,2640,-7435,-491,-6800,231,-4440
,556,37.28917168197453,-2150,682,-7889,514,-1805,2390,-7097,-6187,-5836,458,381,6333,-6594,6287
,557,37.30960112318947,6511,-513,4805,-5278,6327,4833,-2841,-1415,-1302,6033,-5882,-2856,-2443,-2870
,558,37.327125085691094,7715,-8017,-4793,3032,5440,-6905,1232,3500,-3377,-3534,-5035,-3925,-1317,-6860
,559,37.3496598656911,-3048,-251,-7369,3605,7616,-4459,-4293,2433,2947,-6038,3812,-2011,-4697,7622
,560,37.37010684070459,5158,-2273,1094,-3748,4989,-14,-7707,-6802,-2261,-7304,-5370,-1925,-6469,3197
,561,37.39008467969385,1413,6159,3206,-1011,-6633,-5098,3146,7210,2726,-313,-2061,3393,1040,3267
,562,37.40903700529564,4576,-5864,3650,-1982,-2293,-77,3149,-5695,7060,531,7512,-6851,-4661,2727
,563,37.42686802309843,8149,-779,-646,240,-5331,-1956,-3674,-1573,-1148,-5564,-1927,204,-4318,-1236
,564,37.44380738309768,-5719,-4584,456,-6724,154,-2931,-3521,3375,-770,7419,3700,-4672,-4988,-8052
,565,37.460875466837386,-6625,3404,-2039,2903,8152,-1578,-2535,4076,-5032,-7927,4597,-4853,-5787,7477
,566,37.47794825476695,-7581,-7026,-5329,6219,5519,6020,-2864,4022,3683,6433,-3518,-7333,2193,-4791
,567,37.4947020130939,7590,3270,-5280,3769,1291,-4923,-1049,-2494,2858,-2596,2661,-6296,-1733,-3012
,568,37.51539702720861,-126,6797,-6938,-721,-751,6331,-3976,4546,1762,3352,4002,-5952,-3188,-3830
,569,37.535409078487696,-3937,3923,6243,5998,1977,-738,-784,-3789,3727,-2674,-423,1570,3216,-6133
,570,37.55403681498977,-2110,-1788,-1665,-2453,3120,-3658,-823,-447,2854,942,-5595,-1173,-5050,-2450
,571,37.57246056071377,8016,5697,6992,7103,5365,-1741,5466,-767,-21,-1543,-4121,3267,2521,-2202
,572,37.59053106454533,2668,7280,-1427,-857,7729,-2947,-6041,-5995,-7682,-3826,5199,1919,4596,3999
,573,37.60950477282826,-1207,5338,3945,5745,-6912,3536,-8050,7325,-4595,2710,-5639,1771,1377,2753
,574,37.6269859699676,-7995,-526,3325,4179,-6048,-2208,-6917,-5569,-133,-3039,-3946,-6193,7707,-6087
,575,37.64355540958312,-1843,-6794,-6351,-4383,-5713,-2702,-1822,-1168,6321,8182,-4253,-5674,-2309,3859
,576,37.6614236332511,1030,4850,-819,5230,728,5513,-5792,2459,-964,-1072,7864,5908,-463,-4804
,577,37.67907631949318,3435,6628,-4199,3522,-3091,-3911,-1375,-2269,959,-4460,6708,508,-3308,7709
,578,37.69628296300668,7861,6628,-2110,-160,-4379,2891,2041,-7608,6059,899,3356,-5550,-5054,1945
,579,37.71667519835644,1600,4271,-101,-2235,3935,-2805,-7361,-3204,-2775,-3783,691,-5778,-1648,-2062
,580,37.735026242964565,6850,-1216,6646,2435,-4789,-2947,1649,-5843,6267,5283,3046,-5879,3361,4906
,581,37.75489674089451,-4518,2388,5953,502,4681,2802,-6410,-3560,-7750,4755,-1480,-7183,6303,-5890
,582,37.774068025151166,-3682,-5111,-706,6823,-6374,2525,278,-7154,5148,5920,-1913,5827,-7807,-4992
,583,37.792350217526014,-7634,771,977,1777,6749,-2791,-6751,5821,178,-4150,-3242,-3258,-3312,2648
,584,37.81077054202103,-5954,7125,-1999,2757,-7621,-1696,7841,-6244,-3977,-1654,311,-3220,-7754,3135
,585,37.82834111876754,-4168,-3758,7754,-5198,-8129,3997,-8165,-7586,6113,-3778,3598,2102,-3181,4288
,586,37.84588389802856,-557,-7083,-6023,8111,2494,-5693,-4172,-2097,5863,-4321,5587,1293,5807,5744
,587,37.8653943116081,5738,4906,-3753,-218,6637,7839,-4807,-5798,644,-3014,5240,4285,-144,2194
,588,37.88409389391881,4773,-1806,-2932,1682,-3618,1231,5393,-1870,1708,-6174,5299,-6903,5886,4110
,589,37.90113204190492,-2456,8121,-6764,-4697,-1413,1539,-4366,-2514,1245,3770,-3834,1583,1977,480
,590,37.920514587051244,7908,7619,685,-1649,6026,3033,-4517,-3026,-4479,7780,718,-3295,6588,4132
,591,37.938460643678575,-4910,741,-3209,7118,-6146,-3731,7883,-4337,5401,7140,-3099,-5199,-4495,3525
,592,37.958067279323245,380,-5624,-4440,5523,7404,-5855,-3931,5571,7481,8134,3551,-5652,-5920,3497
,593,37.97686736023531,4676,-1957,-3832,-2090,6150,-6544,1802,4238,3781,-7743,-31,1529,-1191,-2653
,594,37.995944133041334,-7189,-2922,7283,-5755,7733,-2853,4125,6583,-2696,-4305,7956,-6532,-700,-7175
,595,38.017969149922955,-4654,-5322,-2275,-5170,-7901,-5735,-1732,-2852,35,-2199,4770,-7943,4027,-7973
,596,38.03650665151062,5003,-3071,8074,-4768,-5594,-2564,2659,-5858,685,-1209,7704,-4549,-4142,350
,597,38.05431842490039,-4906,-7215,5046,1068,-2821,-368,-3498,-4207,-2693,3779,-7704,3809,6322,2862
,598,38.07153233852548,-4888,2350,-5477,-1221,1896,-6139,-455,2829,1181,1583,832,4487,-1373,-4823
,599,38.08844817757547,-4395,-3799,-8155,-2739,-5886,5803,6874,3625,-7620,-3102,879,-5066,132,2032
,600,38.105647123323756,-598,-7945,-7661,1869,6047,-7140,4345,-4270,-6985,2167,2653,-7636,-7513,2867
,601,38.12402511011012,-3323,7533,3639,6369,-5786,-1061,4295,-4923,2423,-101,614,-5361,-4255,-4234
,602,38.144721834839316,1576,2762,343,-344,-6402,-3993,-6785,-8140,-6749,-1254,-7295,-6935,-4218,3687
,603,38.16305491799528,7091,5553,6918,-4188,1031,3580,5887,-1026,7597,-4821,-4114,5693,4582,5865
,604,38.1830956220671,4209,5150,424,-6114,-3430,1776,2316,7530,-6955,-2501,-2140,1007,-7501,-157
,605,38.20112849237985,7264,4818,2984,4946,-1948,-5262,674,-4681,575,-5725,-7969,-1414,-356,382
,606,38.22073427271728,7428,-4785,-7831,-6909,8083,3349,-1632,4534,6404,-556,6488,498,2409,3925
,607,38.24109357873809,-3493,7505,1210,-2041,5213,-3504,3551,5272,-1601,3987,-6991,-1244,5274,-7436
,608,38.25862908788752,-7279,-3265,-4596,666,-8096,7451,-2774,-3629,-2866,1025,-1144,-3940,4023,-6570
,609,38.27525497778126,2632,-7954,-6776,-4,1181,-1104,-1248,1453,-3407,3051,-1117,-764,1979,6766
,610,38.29240046682669,7535,-2247,-3305,-1510,176,-5468,1391,-8106,3112,1156,-7539,6787,5498,-3646
,611,38.309318016491176,-1548,-822,-2567,3166,-4588,5573,-4049,7250,-1746,1677,6404,-6,-6662,-2495
,612,38.32616842453688,-5677,-2561,6152,-2394,-6677,6341,-5231,-62,-3435,4953,2171,-4258,-725,-6770
,613,38.35696590018308,-579,-7399,-1907,-4952,-436,-2710,-2569,7923,-1372,-3088,-6229,752,5231,-4396
,614,38.37773746429627,-7196,-7634,4077,-6444,-6866,-1183,-2749,-5793,4820,5460,2379,5927,-5340,-7104
,615,38.39773369239131,5659,7781,816,4442,-6738,8170,2059,-7345,3947,6558,3603,1381,3785,7256
,616,38.41819820120333,10,-1425,-6765,3854,4079,-6658,-1187,6756,-1840,2739,3334,6341,7221,-4796
,617,38.435953096661265,5199,-3660,-13,867,-1829,-1625,6640,6238,1275,4527,-3218,3037,-1057,1734
,618,38.45349117173244,-2027,-1305,-4736,1790,-502,5157,-4020,750,-7752,2826,-361,4476,-785,7022
,619,38.47117849791797,-7302,-2098,4783,-4107,-7482,1248,4312,3405,-7794,4028,-2416,4909,2943,5868
,620,38.48921478945971,-2828,-1429,3706,-4414,6636,5767,2269,4260,-3001,-7769,-354,2916,2321,-1577
,621,38.50632350029358,-6578,3451,1388,-6024,-7772,-3586,3158,-4036,6857,548,-8040,5790,-7098,6013
,622,38.52382436949957,-741,-2624,-5529,2738,-7240,-7793,-884,2678,-2068,2468,4894,-7239,6471,-6906
,623,38.547906400306886,-2405,-166,-1470,-7572,-1509,6219,288,-1896,609,-7678,-2606,-979,3702,5611
,624,38.566642760829154,-6568,-3769,7314,5244,-6175,3614,-560,-3092,6431,-3528,6707,3170,1383,7531
,625,38.58590812888283,-917,-1378,-2585,6010,-972,-134,2796,1968,-5879,-2198,5884,-6405,6390,4649
,626,38.60448369164292,7061,-5276,-1761,-4911,1176,-5883,334,-3864,5441,-3640,-1076,1042,-3653,-1034
,627,38.62356089210256,2116,2627,7208,-5721,-5155,5200,-6815,-2634,-4786,601,6391,7883,6320,-7216
,628,38.641496685042945,1468,-1979,-6769,6756,682,2978,-2750,-6724,5457,4787,5777,-6500,5879,-3216
,629,38.65932043273415,-3944,4303,6914,-7329,314,3525,-234,-7598,-29,6902,-5920,8130,4511,5554
,630,38.67682899970535,-6348,-4621,5677,2863,-2131,5066,-3088,7671,5872,-4369,-3214,-6581,6883,3725
,631,38.69479045186309,301,6626,2802,7530,-787,-7531,-3008,467,-7521,4477,-3047,-7388,6641,-7549
,632,38.712680913519456,6371,-7541,-3676,-2099,964,-7747,-7543,-2331,-4248,3700,3681,103,5672,7085
,633,38.72957194865933,2750,-1406,626,-1612,-6224,6825,878,-6711,1826,1075,3698,-7278,-2068,-6290
,634,38.74783831785013,-4331,880,954,5285,-4668,787,-4550,-4008,-4130,-6767,-1898,-6892,-2797,-7246
,635,38.765777104365874,-6434,-2248,-4526,7562,3623,-7181,6461,1189,3716,3267,-6403,6131,-1496,-1904
,636,38.78597347435639,-4772,-4540,1789,2657,-1571,-1719,-4144,828,6333,1622,-5063,-1247,4686,4476
,637,38.80546207760117,7333,801,7799,369,483,-6742,-7611,7018,6820,-7321,687,-2642,-223,-1848
,638,38.82330378674453,-4564,-1398,-800,4824,2583,-1044,755,-6130,7691,7221,-4802,2146,-1557,-1758
,639,38.84137899476595,1291,3825,-1796,-1326,-4212,-3638,6694,1282,7568,-806,-3043,-7405,-7277,2939
,640,38.85858392766495,-4537,-1795,-4884,-3683,-3001,-6948,5842,-122,6279,3312,-6480,-5230,242,96
,641,38.876100620054984,4601,2537,7716,-8077,-7778,-3809,-2663,-7789,-679,7237,-5411,-5810,160,-4175
,642,38.8930168867586,1365,4728,519,7131,600,-5425,606,-2804,-2835,3643,-1810,-4516,7331,4285
,643,38.90967057413782,6816,5211,6270,-5263,-2955,-2915,-6651,-6921,1495,4959,3290,5094,7520,-2982
,644,38.92674721094998,-7182,5691,-7547,-3073,-2618,-2739,-7608,-8065,5164,-2149,589,2053,-3737,-1857
,645,38.94664935524801,-2157,4826,-4495,-2785,-10,-5324,7336,2317,5332,5341,193,-5169,3893,687
,646,38.964680087292656,-1981,171,-6439,-3398,-5707,404,2695,2759,5065,1516,5865,4194,558,-4284
,647,38.982723648945985,-7489,5678,3963,3280,2732,7208,-8131,-7708,-4601,-7677,7352,466,-2829,-3072
,648,39.00179229633317,2712,-5939,6432,-2034,4036,5904,-5547,4224,4826,-5533,1244,7091,-2451,4334
,649,39.0199183951357,3347,4580,7197,1994,-4281,7858,7742,-2793,1908,5020,-7093,7905,-6499,597
,650,39.03907300090107,-2236,6109,7918,7516,-5644,-1462,-7482,3470,5220,6597,-49,-6248,3920,-4648
,651,39.05649389887959,-1840,-4088,6597,-22,3347,4222,-8073,3907,5978,-3938,2481,-890,-1130,189
,652,39.07353161921208,113,-4646,-3272,3283,6957,2131,7529,-4268,7465,506,5780,-4213,6778,7084
,653,39.09020797223331,-926,1963,5810,-7175,-3843,3582,-5711,973,-1146,-1374,1026,1596,-5694,-2966
,654,39.107852960710176,-4855,5623,-5960,-6811,-4306,-5710,293,7341,-904,261,3119,-989,-4322,-2503
,655,39.1249287422151,-912,-358,2181,-5904,6055,-2928,-876,-5469,-4858,-6724,-1624,-1392,6331,-3522
,656,39.14251813572101,4225,180,-5772,1579,853,8071,2222,619,6210,-2379,-4455,8002,-3619,-1192
,657,39.16222484231342,3879,-365,-653,-2234,-2157,-1045,2882,1919,7413,-4602,7206,812,-8075,-2924
,658,39.180614375747595,-239,131,-5254,3013,-1840,-35,6999,-7859,800,-802,-1310,8178,1281,-5455
,659,39.20034887982548,7793,-3392,7450,739,-1944,1553,4069,3539,3539,-6909,-4697,8108,-6964,-2272
,660,39.21930419900263,5862,5230,5049,7011,-6491,-18,-3998,-6299,4173,6084,-1116,2694,490,-1092
,661,39.238665789121434,-839,-6150,-4049,3015,3883,-1521,2630,4307,-7575,-5931,7820,-3544,6288,294
,662,39.25607214687678,-1938,1497,-1038,7371,4306,-432,-6132,-1595,-5966,-1352,-3793,-1646,1374,-439
,663,39.27281435855592,2273,-3763,4613,1199,-5222,3065,-7815,3466,-466,-7071,-2706,660,-2686,-4755
,664,39.29109997215975,-1830,4753,-4707,4319,5454,-2731,888,3975,-8002,-406,-5601,-4800,-772,5622
,665,39.30805087880681,8066,1110,-507,-1005,6286,5696,-413,7639,4701,6739,-2756,4926,7366,4989
,666,39.324443269822495,5385,-4121,338,-1777,-6362,-5954,-7987,5006,2018,-6562,7228,5699,-6993,3412
,667,39.340922046869984,6367,-4133,6888,1618,-1045,1751,6460,-805,1690,7821,-3109,3790,-6114,-2847
,668,39.36228420063626,-5038,1191,-5497,-4175,1927,6673,-3968,7950,3715,-7875,-3463,3843,-4187,7699
,669,39.39357647152404,7671,-2895,7365,5212,-5243,4090,972,3336,-5933,3090,3402,5138,1620,-7654
,670,39.41179066697287,4489,-4826,-3852,8117,5981,651,-78,102,2763,1443,1211,3209,2947,-8159
,671,39.429796167453766,3605,6628,5709,-21,4560,-6264,-6188,7845,7435,5679,6405,-2819,-8024,-4039
,672,39.44694465007456,-1140,7615,-7611,3568,7064,-3493,-3549,3296,-3395,6174,-7635,8031,5657,-1250
,673,39.46365093884938,-4967,341,4056,3574,2381,3142,6049,3772,-6559,-7050,-5597,4931,-2231,-4794
,674,39.480305481535844,6434,-7380,-142,-3246,-5067,-2108,-593,6250,8126,5846,4098,4732,-2912,-8028
,675,39.49806550883725,7924,1431,5651,1223,-1331,4540,-837,-4601,-7585,-3378,-332,2619,-3774,-4207
,676,39.51663936098285,3844,-6969,-6935,-274,1316,6512,7749,-5978,4139,6704,-590,559,5299,8080
,677,39.532672950609,-7277,-2383,6795,6759,-2807,-7874,-5560,-6576,-347,-4820,-4083,-7028,2217,-2929
,678,39.55152691587754,-2690,5903,-7850,133,6673,1880,-2047,-3917,-1159,5435,-5859,546,-6764,6402
,679,39.569411818036805,3868,-1452,-4211,-7119,7658,-7185,6405,1779,-384,-2373,3742,-2377,-5742,-636
,680,39.58721674896861,604,-3629,5916,1439,-2208,-4903,-7764,-1731,4422,-7385,-7692,-4517,1216,3161
,681,39.60546344609276,-3747,4583,-2230,-5413,1633,467,-2128,-2762,-6273,-2244,-6903,5040,1310,-461
,682,39.62391498930224,-7057,500,-741,2300,-1545,-1897,-7255,-2577,6426,6256,6993,2597,3512,-507
,683,39.6415445822487,435,-730,-2849,-5315,-5756,1478,-5179,-3227,4141,-5540,-4378,-1226,-2856,6485
,684,39.65977545618881,-7389,-2079,-4033,5500,7012,-5039,-2777,1282,7763,2857,4411,-6842,-3791,-5284
,685,39.67674517959528,-5205,2297,-5356,-1982,-3647,-1281,-769,-3404,-3393,-3573,-6182,7364,2481,5524
,686,39.693491240157016,4268,1625,-6405,-5523,1075,6311,-7109,-6242,377,4687,7145,2937,2166,5610
,687,39.7120308800128,-5259,7161,-7944,3299,-5359,-3364,6567,4839,6952,2424,-5737,3211,2271,5819
,688,39.728721345603574,4267,-925,7250,6988,769,-5019,-3770,-2975,-7216,-7012,-2650,-5458,-6978,7823
,689,39.746161487995124,1790,722,277,6610,-3311,-7251,2494,6542,3358,-7084,4946,2167,-6672,6465
,690,39.76996554394761,8065,-1621,644,3159,4688,-892,-1430,-813,6085,6146,-5160,-4529,6982,-1553
,691,39.78886697876828,-7655,820,7413,5080,-6978,4215,-1840,5744,36,-3143,5757,2228,-7766,20
,692,39.806728359978294,-6746,5646,-5625,2428,6308,2465,-6384,5066,-5990,-5276,5638,-7629,-7414,4714
,693,39.82544376547304,5890,-5185,5850,-6269,43,3955,-5700,7235,-2549,7020,-3911,7666,-6824,-4000
,694,39.844724101403514,-8111,-2752,7899,2079,6934,1666,-103,-3212,-5945,-3682,989,5180,-6344,-1616
,695,39.861533027047805,6350,-4575,2307,983,7636,2758,-3833,7348,-6435,-4209,-7910,-7220,-5698,-7017
,696,39.877821498233146,4,2518,-2503,5928,-3831,5446,2802,-6922,514,7227,-3112,2782,-4196,-2067
,697,39.893912821098375,-7440,-5930,4509,-1881,7179,-5216,1946,3461,7032,7397,4940,-7916,-3191,-3615
,698,39.91122552271033,-5943,-3256,2154,-4394,1306,3674,6191,6691,2659,3583,-1313,6921,-3248,668
,699,39.92900949861462,-6093,-5892,-6638,-8107,8032,-536,149,-3565,-7369,5723,6786,-2478,-4674,7790
,700,39.94581286476181,-616,1494,290,5759,-2593,-3727,73,-1964,-5572,7909,-7717,-5759,4476,580
,701,39.9683904101241,-3698,2733,-4967,-109,5159,-2437,-3437,-5655,-7953,-7289,-1892,2894,-5335,-168
,702,39.98672263797282,7537,1866,6539,3252,2402,7983,-3177,-4545,-5506,-1997,-3076,-1356,-7036,-2363
,703,40.00608166216989,1717,-651,3369,7108,-984,5329,-1496,4191,-4589,-5881,-4803,813,-2796,7709
,704,40.02463242101986,7477,3520,5009,-4647,5413,-1706,-4078,-1285,-1693,-1548,374,-2907,5414,-6525
,705,40.04291504104833,-4210,1157,-1936,-4306,-3605,7013,-2880,4525,-5644,5870,-2630,3041,7705,7523
,706,40.06362416773259,-7161,6773,-5062,-5198,-7170,-7943,-812,-1091,-8113,-4652,4768,6013,6189,-6052
,707,40.09279570430489,-2805,6793,-4716,5919,-3613,5721,1293,2423,-1740,-7241,-2334,-7086,1173,7564
,708,40.11358950640646,-652,-6777,677,5280,-6681,-571,5356,-4339,-452,-4224,4386,-3114,-2486,6432
,709,40.1328296428964,6216,-1452,-2294,-3259,-6751,5704,5000,3978,437,6341,7859,-751,7639,5497
,710,40.149538925246574,-7911,6945,3054,5066,-7286,5969,-1170,-816,-6580,-4603,2057,63,3516,-1454
,711,40.16984734048627,-6912,2432,-1291,-7650,226,-6392,5749,7732,-4981,-1192,2871,5981,-5671,926
,712,40.18826766498128,3780,6322,8075,6118,5447,-4769,-3645,7407,1581,-3896,1620,1492,-6906,93
,713,40.207196469633814,204,6413,-3176,6004,3164,-5861,-663,-1191,4518,-3470,-2050,-7299,-4792,5263
,714,40.2266589860076,5852,7799,4963,-1862,-7753,1132,7967,-3537,-7470,-1996,-3547,-766,5995,-737
,715,40.257355535398816,-2412,-2367,-2831,-729,-1945,7957,-4054,929,5775,-5080,-7498,3790,-3987,71
,716,40.27524941828416,4582,5657,-689,-5263,442,-899,-5225,-5044,7650,-6157,-5750,-1028,-6131,2742
,717,40.29383396177033,4243,-7722,-2996,-7123,747,434,7591,1435,-7528,4849,5486,4652,6452,933
,718,40.31075193908844,6832,449,-1765,-7245,-3185,-2362,4638,2455,1616,4216,7927,4687,-4662,1763
,719,40.32824553818284,8157,-5167,-5018,876,6372,-4044,4996,6195,1165,6145,2630,-117,5736,7749
,720,40.34671974703433,-2004,-4734,4350,-4649,2760,-1047,4492,194,2460,4746,8100,-7295,2912,-862
,721,40.365919684083714,-7801,-372,-7458,-680,-2645,-3592,-999,-3908,-6536,2410,7864,3133,-3896,791
,722,40.387257033939875,4561,2227,-6591,7869,524,-1793,3220,7267,7242,-273,912,-7095,-5271,-4030
,723,40.409160169539,-2571,-4044,1534,-6632,637,2853,-4633,-4745,-2998,6813,-5391,1638,-115,-225
,724,40.43078404732244,1573,-4311,-264,-997,-7018,3867,4564,-1592,5551,-3558,-1929,1505,5307,7478
,725,40.45402830468268,-7229,3512,2505,238,3910,2270,-6473,4078,3532,-7299,-3073,-6882,769,1892
,726,40.47388297942858,1905,-8127,151,-1812,-1242,-7511,-8077,-5623,2639,-1910,5569,225,-1947,-2800
,727,40.49100708579287,-2260,2439,4902,3393,-2012,-5579,-4929,-978,3617,-7016,-2530,-3420,-426,-5535
,728,40.51004152089024,7407,-2317,1839,-7858,6483,-2347,-1979,7733,4046,4628,710,-3896,-2743,7388
,729,40.52865813839812,-8179,6448,-4319,-3029,-1345,5180,754,2543,-1396,4321,-694,5854,531,6924
,730,40.579456973982836,-365,5327,-3068,-4687,-5598,-5860,-2900,-5782,-5332,2112,3037,-1197,2626,-3926
,731,40.600515066023306,-5046,13,-7879,-3670,3820,8134,-6175,3882,3080,-4345,661,-3705,-3008,1119
,732,40.619831752511715,6198,2650,-1582,5866,5886,-7133,-7862,-6729,2523,5438,-1034,7935,5026,3492
,733,40.63933788955503,3611,5827,-1190,5799,-7523,7919,-807,6170,-4582,-1918,-7994,7638,6911,2339
,734,40.6579279925383,7849,-3656,-4155,4114,4316,-3232,-640,5630,-3460,-6363,-1666,-6332,-4346,2405
,735,40.676171696087096,6926,-3954,2377,5320,-2253,4002,-1630,65,-6420,-5862,-8126,-3158,-1585,-7753
,736,40.69368453959452,-1704,4176,7565,2242,3962,-4373,-6471,-8036,-2561,3278,-4168,-3910,-4074,-1324
,737,40.71086039204718,-5720,2017,-3023,-5601,-7475,7276,-5292,886,-2301,-210,-91,4699,-4496,-2970
,738,40.728739307055726,4317,-3622,-4648,-7958,-847,6316,-542,-5116,-1436,1538,476,2597,7444,-1924
,739,40.74460568411536,-4295,-1604,-5985,-5562,1761,3588,-2596,-4755,1352,7075,-2482,-1425,-7546,6411
,740,40.76245081448771,15,710,2934,-2073,-5935,7796,6746,-8166,-3565,-1686,6629,-160,-6342,-389
,741,40.779900792912585,-2307,5377,-915,-5402,-7631,-1887,2847,-1717,6610,-7370,-3618,-6504,2057,383
,742,40.79810215875272,-7595,-860,-6919,-7130,-6164,-3089,6707,-2489,-4719,3824,-5044,3385,-5199,433
,743,40.820231523118316,2335,-2786,-4017,469,-1628,3056,3885,7553,4699,5890,4710,-5665,-7638,-817
,744,40.83964656993997,4899,5167,164,-3656,-7285,-4529,-7928,-3733,-203,-5256,4866,-522,7717,-5422
,745,40.86191706000108,-4419,1544,939,2418,4987,3547,-7283,-4292,-2387,4006,-6015,6561,2597,-4415
,746,40.88067223728276,5787,4197,-2232,-4355,-2753,856,-6697,2363,-97,4904,-3050,-5879,-1759,4398
,747,40.900067612037766,-3615,-1215,7644,-4515,2579,5440,-6985,7044,-1831,3337,-5963,172,8012,3338
,748,40.91655152092873,7418,-994,-7096,7762,1394,-5846,-6046,-7990,1317,-3434,-304,1934,2864,-1789
,749,40.93388175633922,3097,2956,-2764,-6403,3637,-5180,4828,2173,-1415,5892,6343,-3138,-6848,-3083
,750,40.94999360657834,575,-1451,800,-5031,6847,-7750,-1484,-5582,-1211,4769,-6874,-3397,7999,7530
,751,40.96734137578736,3754,7591,1969,-7324,-7298,3703,110,-4950,2849,-7883,8150,7231,5112,1199
,752,40.98516982766842,3051,5147,-3555,4710,-2502,2005,3943,640,-5131,-2186,5725,2674,3728,-8126
,753,41.003716737635784,290,-4273,4330,2845,-4896,-5472,-3867,-6427,1604,2360,-5590,-6421,-3557,4634
,754,41.023642830536694,-817,-4956,5158,-4394,-3494,6444,2907,7900,5828,-7535,305,-96,4635,-1417
,755,41.042760230436876,7874,5618,4223,6566,7468,3897,-4629,-5471,-3083,-3353,4100,2946,-879,3975
,756,41.06167278425174,2896,-1960,-972,-3130,966,-8014,4144,3121,-135,-3471,-473,-1655,-7833,2186
,757,41.081430809278885,-5898,1125,-2909,8052,1733,5298,1933,-347,2310,4081,-4711,-7921,-5939,-834
,758,41.101195249110376,6993,6463,1007,-2822,5494,-1438,6436,-726,2480,4806,-8098,-6051,-7350,-5617
,759,41.118457059941214,6789,7179,-1547,1646,-83,2640,3027,2084,-1630,5823,983,-6777,-3198,7584
,760,41.13640268891492,-3643,-3094,-7247,-6695,906,-5509,6432,4788,-4615,3705,-1967,4465,2073,2736
,761,41.15408317264249,757,4599,7843,5422,4970,-2988,-4669,1447,4615,-2858,2648,4203,6455,3858
,762,41.17238375412312,-973,-7326,-1435,-4651,6323,5492,4975,5636,-3875,-7913,-1164,4188,-7543,-7668
,763,41.18980422444802,1360,1065,-7123,6254,-4667,-900,7575,7028,-1073,6986,-4026,-2137,1700,937
,764,41.20840801234721,2958,4834,-587,-1220,7625,3380,-2831,-7388,7412,-2910,720,6490,5924,-4887
,765,41.234756607355386,2430,5802,4785,-2068,-3358,2126,-427,-5515,767,-7914,2740,-3596,-2961,-6011
,766,41.31809047525575,6671,105,-5893,1516,-5282,1657,1547,-4629,1974,6116,-7847,3620,-1944,5021
,767,41.33802554888273,-6503,-6917,-2636,-8143,3691,1305,6364,-482,-6425,486,-6662,-1742,-5557,-5245
,768,41.357861406869226,923,6714,4625,6589,-5560,792,5458,4484,4113,3190,7915,-2103,-4481,-7395
,769,41.37645621404235,-931,5277,6156,2065,-1173,-3717,-3426,7994,-2509,5329,2047,-5043,-5440,-5823
,770,41.39367055532106,6392,-2716,-4991,2018,-3315,-4362,-1374,1737,-7359,-5493,-4037,6729,-4031,-608
,771,41.41329215884253,-3902,-4431,6106,-7614,5571,-7685,-3305,1236,2332,-4943,5308,-2440,-7919,5356
,772,41.43129381044082,2179,1708,-8155,-3008,-7098,99,-4349,-5797,5673,3303,1037,6065,348,-3393
,773,41.44925953913479,-7561,579,-2695,-285,2936,5822,-4627,-5634,-7658,3024,3516,-613,5278,-592
,774,41.466564542981544,-7282,5845,423,-1504,-84,727,6249,-33,4992,-2377,-495,8166,4371,-7329
,775,41.48529619931396,4202,-8032,-4978,2133,-2119,6965,-3833,3112,617,6025,-7645,-6098,4687,-3019
,776,41.5065450248702,1854,5783,-3828,7813,6043,-1247,-3317,2033,-1301,6756,5708,2176,5276,-4157
,777,41.52353270972882,-6991,4011,-6873,-3520,-7374,-7689,-2114,222,-364,-3199,-1925,6947,-1572,5258
,778,41.54044897643244,2588,-6786,-6300,1845,467,7933,-7519,-4225,5686,6904,3863,-720,-463,-5458
,779,41.55697308476394,506,6327,-5612,7135,-1954,-5195,4970,-1874,-3576,-6256,-3208,1951,-2711,-493
,780,41.57320767159281,-4035,-8039,1261,1009,-4529,-6774,-3711,-4401,2718,7829,6403,5589,6759,298
,781,41.58949785339264,-2346,-6468,1809,-7815,7312,3290,-1050,6386,300,-3761,6346,588,-2440,-974
,782,41.60592659496626,-6337,7570,-2997,2751,4424,3295,1870,7579,8110,3630,-4521,-6192,3741,-4841
,783,41.62790713587111,-5655,1675,-4229,3827,-887,-8028,2572,5801,-977,4372,-1475,86,-5097,-674
,784,41.64792602960817,5055,6278,-401,2891,-1198,-1280,5315,-3141,-6896,6508,-7853,1850,-4468,5529
,785,41.66732867447477,4887,-2768,7896,7258,-802,-3014,-1220,-6728,-4529,6757,779,7570,2568,-2940
,786,41.686999030509234,3811,-870,2081,3651,-994,2916,2940,-6835,-5029,4889,2497,413,-1583,46
,787,41.70785142115714,2953,8127,-3103,-1736,-147,7685,-5170,2595,-420,-4329,7426,-5349,7773,7684
,788,41.72506619008947,-2309,7796,-135,-3559,4313,5501,44,-3566,4768,-3593,-1358,-4047,-7311,6553
,789,41.74192344059314,781,-2368,-543,-3579,5318,-6821,1904,5808,3799,2876,4873,-4217,-5909,392
,790,41.76440818511928,4955,7757,-1429,-1889,-2379,-4322,6547,-6672,2259,87,-1029,3771,-6085,-7916
,791,41.78316379005457,-5937,-2505,4410,4329,1425,-1552,8030,4241,-7174,-1313,-3309,-5822,4550,-3754
,792,41.80291497262375,6615,360,3,7093,-3115,-5895,-625,-6636,-6941,-7636,-7423,4337,2224,8021
,793,41.84084100650846,-3807,3493,5881,2947,-3009,6457,-6838,-4349,-2697,-2159,4724,4433,-7325,-5083
,794,41.8863779919182,3390,-3451,4916,-1141,3357,3267,-1078,-3961,7952,8143,-2626,5135,-6390,7743
,795,41.93787347525446,2958,-8024,7857,-1838,-6132,-3564,-2996,6649,4917,7764,-2972,-2577,-3285,1999
,796,41.958823370928364,2145,-5488,-1044,6459,-7024,8050,-6853,1419,-6950,-1382,2526,2002,3582,4303
,797,41.979093297342004,5815,-4620,1536,3261,6408,-5055,4602,-2552,-4294,2023,-4304,7980,611,-4979
