Counter:,Time:,Y:,F3:,F4:,P7:,FC6:,F7:,F8:,T7:,P8:,FC5:,AF4:,Unknown:,T8:,X:,O2:,O1:,AF3:
1,0.03542804847017869,0,0,0,0,0,0,0,0,0,0,0,0,0,0,0,0,0
2,0.28509223403732126,-35,3923,-4994,1309,4764,-1994,1131,-7928,4063,6269,7645,43,5700,2,7698,-7901,-3756
3,0.5586147467546492,54,-7828,6480,4484,-7969,2127,4752,-5408,-4012,3932,-7758,236,-2054,23,-5997,-2093,-2200
4,0.8214839982979415,-88,-3026,-1610,-373,5591,-6696,-4536,7896,2744,-2628,3090,108,-3215,-63,-569,7809,8033
5,1.0732954290320718,102,-4793,1010,8070,3540,5610,1575,-6205,-2191,-4038,7977,63,5577,-63,4227,865,-6481
6,1.3294317134554567,19,6525,2021,6906,-7482,2915,-7930,5272,-5345,4084,-899,118,-39,91,2087,-7438,-2296
7,1.4998689243888306,-90,-5366,3557,-4819,4709,-6206,997,4705,4407,4949,4098,30,-7126,-12,324,-3265,2415
8,1.567633946231202,128,3901,-4408,1790,3878,4587,6354,2181,4972,3569,-7582,224,2122,13,-152,5264,-1553
9,1.6369025956392236,14,-1244,4544,945,-5178,-2253,-4224,-4070,-1369,5376,-7340,38,-513,73,-5007,3323,7703
10,1.7121494048140886,31,2061,7783,-2789,-7111,-6100,1213,-1460,7605,-1590,5585,21,4,-77,-2363,5449,1457
11,1.7804934686712184,106,627,6104,-120,-5961,-7342,-94,7484,7904,6004,1674,236,3012,21,-5821,-4275,-1571
12,1.851386771413115,71,5585,2810,-5095,3237,-7184,-4951,-522,-3490,-2253,934,49,-5826,19,-2373,-1245,-6092
13,1.924857965783492,97,6058,-260,-312,3519,5865,-3774,3685,6383,4926,7403,82,-2427,-28,3490,1674,-5773
14,1.995985622309796,134,1845,-7980,-2561,3764,-901,-3640,7022,3910,1543,6057,126,919,-27,105,4889,552
15,2.0662648154998515,86,-6613,-3015,-2529,7735,-6899,-5831,-6080,-5748,2152,1004,55,7341,36,4822,5856,6926
16,2.135770812262519,144,7581,6426,1506,996,1120,7947,6728,-4061,6437,5786,232,4745,101,-4614,-7786,5486
17,2.2027472421734173,125,-7577,7135,-2030,-4176,-886,76,308,7758,6282,6684,84,-2859,-87,6849,-1101,1294
18,2.277486855019255,-90,5364,3171,2532,4763,-2819,1436,-5105,6721,-3039,7007,47,-1712,119,3344,-460,3367
19,2.3471912827234647,50,7230,1953,1909,-1444,1662,2692,-2850,3285,4387,3413,33,-6806,31,5047,-5792,-2408
20,2.421738879421129,-52,681,-2349,1490,6137,-3322,2848,6768,5785,-1618,-5962,254,-7300,104,4345,-6086,-4268
21,2.4882380487053877,-68,930,-6451,7241,-1862,4932,-2163,-2412,-4498,3441,-5131,44,7344,-58,2042,-6903,-2509
22,2.5614984102003766,77,-4839,8140,-7193,7471,-2069,27,-6338,1649,102,-6680,23,6016,36,1188,-5495,133
23,2.6288413386390803,-60,1633,-1534,-2570,-5014,8007,6681,-6839,-3839,7275,-2523,236,5691,16,-2467,4831,5398
24,2.7019806743658443,93,-882,-464,2474,-8048,3944,-3617,-6912,5841,-3203,2343,83,7956,61,-3299,2012,-5681
25,2.775872679181216,25,7610,4648,102,-2025,3362,1522,2469,-3846,5300,4320,47,3696,114,-6158,-7093,2043
26,2.8471333357566997,-71,-2897,5585,-3707,-664,1383,3544,-2416,-203,-1286,-1158,251,1647,78,-7748,6096,-195
27,2.9150651422266605,74,1392,7243,-4672,-6760,7731,-1059,-3379,753,-5912,4065,58,-5013,89,279,-5657,3760
28,2.986194081711638,-29,-2499,-4785,-7758,-6133,-3832,-330,5880,-1191,1732,5351,115,-7932,-56,-6693,2417,5966
29,3.054510348130836,137,1917,5829,-5280,-5462,-3506,-5653,6977,2498,-6691,-7665,112,-4471,35,5692,-6880,3969
30,3.129959864776156,86,-10,-6978,2529,-3259,-3547,-6519,-667,6936,2949,3673,110,6358,127,-4849,-1212,2842
31,3.201575900904272,-38,204,-4339,-2563,6127,7278,-5262,-3942,1070,4147,6267,34,836,-73,-658,580,7300
32,3.271667354475067,-99,2262,7985,6624,6048,-4605,-2731,-7387,-8182,6780,3529,120,-402,32,4286,-6042,320
33,3.345685089240467,-2,6285,721,1400,-7168,2812,3271,6043,-6033,429,-515,243,-6908,125,-5173,-3947,7033
34,3.411416193932033,137,-7827,7898,-430,-7738,1408,4512,-6388,5565,-3104,3918,20,-5294,-81,-5655,-3800,-6242
35,3.4807370169927876,8,2680,-4563,4647,4603,-413,7742,-559,-948,-1066,4764,231,-7062,127,-1143,-5926,-4323
36,3.5522110723610076,64,-1024,7659,711,-8163,-2,8127,4029,337,3541,-8001,124,7009,-3,-4722,3992,-596
37,3.618985222454343,-33,1459,533,-4989,-4641,4346,7376,14,-2026,3785,-5053,96,6863,10,-1321,-1987,2463
38,3.6964733604322717,51,-2242,-3546,-2715,1173,8033,-1494,-5890,5836,3656,-1377,41,-7435,130,-4245,-1493,618
39,3.7617451659186303,121,4962,-7387,-2967,-5020,6984,-550,-995,3850,1323,-3474,54,-3654,-85,-4818,-4933,-7780
40,3.8378686635205668,-64,6874,-5020,4518,1067,-4013,-1517,-1961,1714,-1658,4400,241,6341,-83,-594,7733,-4975
41,3.9062922708154697,147,7762,7767,2921,1425,5542,-5068,-5702,-198,7381,3945,231,-4729,98,133,-832,-1495
42,3.9784107990908097,103,5409,-6769,4309,-5877,-6813,-3551,-3065,1892,-278,4755,85,7813,-87,7205,1556,-438
43,4.04664581146067,-84,-1365,-3453,6161,1916,-5574,-7651,-135,1819,-117,5857,18,3112,55,901,-7352,5045
44,4.122310009857399,-52,-6351,-4417,2624,-3482,-1116,-5030,2781,-1771,6479,2937,58,-4685,73,-5285,-6339,2869
45,4.198776912731013,51,-250,5155,5820,2225,-7149,-2757,-3003,424,-7753,7109,35,-556,107,-7889,7188,-3861
46,4.2676461343386025,-48,280,3278,2035,2241,5807,286,2159,-2442,3947,-4787,110,-1628,132,4436,-4759,-5523
47,4.344026651328183,-95,6055,-7652,4951,3043,3859,-1896,-4895,-2983,4403,-4192,254,3020,28,8189,1758,-5500
48,4.418679022984205,40,7533,-3195,5484,-3265,3665,500,2736,-3536,-778,4281,112,5645,86,-2983,-3064,575
49,4.49009021337741,28,-6516,-5388,249,-7584,-477,1667,-1918,-7090,6667,271,29,-1872,-12,2247,-8120,-6993
50,4.5672263930258366,-60,-2481,3545,6890,-3849,4329,-6419,7106,7859,7290,-6562,26,-7438,148,-6956,-7002,1154
51,4.641348902749594,106,6657,1211,4417,-4722,-5698,-643,-4590,3244,4296,-994,24,7799,80,-4377,19,1060
52,4.7133417010749055,-76,-5737,-655,4868,-6955,-1731,4522,-733,-4834,-2013,3541,233,-2300,105,1158,-5818,5041
53,4.787612606351928,138,7051,1146,-5441,-7137,1379,5992,-668,4697,-6319,3350,26,543,-18,1013,-2644,7656
54,4.864502457934993,95,2605,1552,799,-5766,4975,5144,1746,1532,-7150,-4198,116,-4740,55,-5148,4755,-2496
55,4.941299936493546,84,6822,5666,-7831,-3409,-1950,-2825,-6893,3481,-438,200,27,7362,67,-2298,2290,-5076
56,5.010780274082738,88,2705,450,597,1452,4325,448,3710,-5443,7370,-6483,105,-7103,-4,-4696,7168,3266
57,5.084018397627382,-97,4205,-3326,912,-6178,6442,5070,2145,-1018,7363,-3813,127,-7482,-4,-148,2105,4324
58,5.156619318364057,-34,463,-2036,-7172,-6327,-2152,-3016,4905,-1087,3521,-5726,92,3539,49,-1592,3513,6166
59,5.235147935826407,-103,-5330,-272,6130,-7983,4370,6228,-1048,7492,4993,4268,62,976,51,-523,-6270,4812
60,5.3050944150670665,130,-952,638,-6973,1531,-7325,8087,4855,-1032,-385,-4134,241,3400,-11,323,-1272,-124
61,5.371990018581518,-64,3057,7776,-8022,-1351,2574,2792,1470,-942,-3291,-1220,113,7564,83,-6080,-6033,6283
62,5.445456936422983,84,-817,-2937,-6445,6913,7667,-2233,4178,-3353,-6068,-3769,109,1748,149,-5563,-4424,7955
63,5.512632652581206,148,-2507,-3957,-2786,-1547,5977,6667,-7266,5296,-7061,-2197,255,-5540,140,-772,-6149,-3229
64,5.5875955002362785,-54,3084,-7398,3658,2753,4867,6807,604,16,3131,-4244,34,-2948,49,6712,5217,4596
65,5.653857322165891,71,7270,1278,2369,6790,7370,-1733,5057,5118,5890,136,16,3172,27,-552,-2839,4688
66,5.727582970006565,-65,2734,3159,-1665,-2618,6895,-128,-3923,-1259,6930,4521,231,6272,61,7708,1407,-3423
67,5.795569088393714,42,2879,-6780,-4018,6354,2318,-8069,-5416,-1038,3592,-5614,106,-564,-71,7525,-2695,6151
68,5.872917811529094,126,533,4565,-7912,-4253,-6095,6659,7131,2251,2173,5891,84,-393,33,698,-3558,-3296
69,5.94587710538864,-71,-8183,-4592,1956,3247,7932,-217,-8136,526,1498,4895,44,7841,122,6722,2535,2635
70,6.013772989015735,-94,3225,3052,-3995,-2142,-1178,2048,-1058,-8159,7845,-4094,62,-3700,-75,6649,5238,-3281
71,6.08836848283722,30,2178,6173,5759,6866,1931,-3938,-4619,-2939,-7388,3666,53,-6850,74,3981,-6687,-6014
72,6.1563580224475,91,614,-1750,-1403,-3145,-3214,1391,4632,2090,-7110,-7468,26,-7630,149,-2991,-920,-2140
73,6.224825677990203,91,7901,1667,-885,6433,7126,-229,-4984,2420,352,-3537,99,-3247,51,-7089,1238,6372
74,6.300482178634889,2,7111,-5056,-2704,5039,-3075,5178,6593,7168,-7363,-8087,230,6918,-86,5465,-4789,3642
75,6.365681283129735,75,2791,4543,-7386,1723,2228,7215,-205,-5577,-1400,6684,230,-2522,56,-7565,1405,-6291
76,6.437650988198919,-22,-4162,5212,-7808,5582,-4274,-5385,-1678,-1301,4567,4956,254,-181,26,4438,5056,-7803
77,6.505393772090945,80,-3939,-701,-1283,5115,2563,7413,3135,2505,-5498,-7178,91,3084,31,3762,7945,6617
78,6.581275645809322,-3,3212,2277,-3308,-5459,7158,122,6678,-1133,-5642,-6782,234,-2738,-92,363,-4852,4631
79,6.654626242064366,74,7140,1271,-6961,1863,3865,-6273,4980,1373,-4208,1925,225,7001,-56,-5450,703,5896
80,6.722517849162549,36,1814,-958,6199,-6946,-6440,497,-4863,-466,-4299,-6701,84,-4697,118,-2619,2250,6163
81,6.790357710260889,57,1594,-8074,-6038,5479,6334,-3152,-5970,-3911,-6196,-4383,243,-1842,-51,-3272,-7956,-3958
82,6.862088785016753,23,5768,3255,2585,-136,3436,-2833,-3553,-3391,-241,6921,238,-7589,-37,7976,-4414,4317
83,6.92930683881121,-62,-3272,-2267,4099,5791,5769,-790,-5241,7790,5297,-1002,85,1356,120,2522,-998,2748
84,7.006681221120066,112,2853,3750,-7891,-291,6902,1606,-2149,7822,1879,-1581,88,-3950,-43,-1281,3564,3517
85,7.084126593808869,-72,7501,641,-1447,-5211,-3518,-1757,-7887,-8010,-5914,-4883,238,-6126,21,7113,-1317,3212
86,7.152357757302708,-72,-2335,1244,-5158,3538,-4782,-57,7785,-3239,-785,269,102,-5793,-17,-6799,4422,-3989
87,7.223767664737239,-96,-218,6175,-6504,-3575,-7727,-5253,2510,-1595,-3985,6018,98,1974,50,1864,5073,2402
88,7.293076085864148,89,-4591,1358,-4608,4745,-5937,2053,3768,-7057,2453,-1255,234,-575,71,4223,3681,-2592
89,7.369459596423966,91,3395,-3706,-1018,-6684,5428,-4352,7634,-2461,5801,4998,126,-6593,63,6491,7688,1107
90,7.4372558369274,53,-2662,6843,-3996,-5764,-792,-2828,-5560,5133,-6507,5441,120,-1560,-53,7847,679,6374
91,7.508796178493764,-71,6852,5111,-7107,-5087,-2755,2619,4862,-6756,-7398,4235,49,7322,-62,-2693,-3293,2014
92,7.5765552131956575,-71,-6230,-5581,-1011,6970,7459,-2344,1937,-2872,3580,7547,117,3729,140,-2721,3914,-6973
93,7.650152565168955,-67,-189,1656,4166,-6202,-3227,-145,5318,-7966,2651,-2362,226,1224,-98,-770,-4198,-7437
94,7.718911452330602,-3,478,-1206,-4930,4123,-6705,4649,-4307,7061,476,2378,22,-7798,24,-812,-7205,-3566
95,7.7879132463344805,-74,7034,-5593,960,-7440,-6121,-4642,-2720,3335,-1306,7753,251,-5467,115,6015,-6805,-7997
96,7.856882111065732,-70,7480,-7125,-2602,-1692,-4707,-3545,6491,-4567,-7186,-4195,31,-137,-53,-7766,1455,1653
97,7.924520119999401,79,4991,3534,7932,3672,1893,-2084,-1180,1784,-3968,7061,43,1361,-37,1547,6404,5961
98,7.999984604495915,2,-3827,-7690,1421,922,5594,-2762,-7596,-797,6905,3970,224,529,-25,2578,3140,-5446
99,8.076591349864968,140,-7434,4826,-2839,8164,5919,3341,-3000,358,-5032,1870,87,6317,-28,-5264,-1469,-1466
100,8.146939822823407,137,5068,-5806,1136,-5329,-1821,-52,-5778,3572,-3365,-5656,20,70,-55,-3023,-183,-2788
101,8.221114506199898,-84,2476,-4948,554,7228,2470,7576,-7105,-4396,1413,-347,91,5727,138,-7247,4492,-3623
102,8.293957050820131,-77,14,1406,-7920,1468,2245,4090,3705,2790,-6386,8113,26,6592,22,-4607,-876,5500
103,8.361551866811784,-51,-3198,-4866,1751,-7418,-534,3560,-6631,6873,998,-2680,224,1856,9,352,-2223,3139
104,8.4327620603461,26,-1983,3589,4704,-6816,2442,-3576,6658,-7355,5235,7422,239,-6718,-33,-2706,2302,1549
105,8.506189206468678,-64,6227,3583,-3626,2110,2623,2638,1858,7930,3050,7934,103,5211,-33,844,-1438,-737
106,8.578270101289588,133,7269,3214,-3290,6014,6418,-3586,644,5824,-6728,-1246,35,-6810,102,5891,6763,-3789
107,8.6451528752173,86,398,6270,3796,-2584,4814,6136,8133,-5887,7849,-4366,101,-5837,81,8151,7611,-4274
108,8.712568932300409,-16,-7939,-5770,4084,-1148,1720,6375,1313,-7132,7244,-58,26,1879,-46,2809,800,794
109,8.786466068950476,-48,-3984,7507,-797,-882,6949,2514,-1519,-5520,6966,6560,228,-3926,-60,7855,2762,2054
110,8.854751972014395,-5,-6982,-2084,6641,-7997,6178,-6424,-7746,312,-5177,-123,28,-7969,-102,219,-4121,2894
111,8.929681890396841,-68,-6500,302,-8166,-3447,1997,-7950,-3230,2941,-1393,-6397,224,-8043,125,-7805,-4574,-6924
112,9.008518417940895,141,4292,-2822,7716,5683,5403,-5015,5212,1052,6222,4502,36,3604,89,-6426,-1426,3978
113,9.07845677177662,75,2707,-2259,3396,5132,7560,-4366,-3676,-2352,-1092,-1834,127,4848,86,-2356,-7411,-5263
114,9.151674795635374,-29,8006,-4453,-2553,5795,-919,-1583,-7623,3824,-3625,1131,236,-5706,109,-3900,503,5601
115,9.225382909707507,-10,-2369,-7425,3652,-6249,902,-2100,-6686,3129,-7971,-7735,89,1,-79,-6663,-4501,-6142
116,9.305343309049777,29,-642,6348,-5675,-6377,-4541,-2822,1080,4747,-4587,-1698,102,-4760,76,7291,741,7911
117,9.383075636828611,142,-2117,-1528,1178,-6093,7768,-7596,67,-3445,5179,-4670,18,-7626,111,5562,4587,-3022
118,9.453868013488172,-72,4554,-4112,1419,-7322,-281,3239,-6345,6416,-4445,-4186,83,-225,-55,-2653,-4571,-2085
119,9.527452963527622,35,6606,-7141,6849,-707,-5629,782,-1509,3682,-6410,-7287,98,-2034,126,1540,4425,-6169
120,9.594925898445268,89,-415,-5579,-7306,4710,3633,5947,2887,-7761,-6699,4928,30,-4328,60,-4562,-6754,-1115
121,9.667939076569112,28,-4251,290,2064,4232,789,5551,-46,-7010,-641,-3225,253,-7786,108,-365,7802,8029
122,9.737288124720688,-75,838,-5235,770,-2210,1675,-1207,-7759,5332,-1601,-3729,52,7152,-62,-5292,256,2243
123,9.81520990273035,145,-141,-4456,6107,8003,2554,7650,-5472,44,506,-6517,25,-3663,-75,3593,4330,5502
124,9.891027200862148,-43,-1191,-8166,698,4054,-4400,950,4365,-5523,5390,-2789,239,-7351,135,4963,5393,-65
125,9.957406199683964,-71,5221,6492,-7960,6502,-2151,1431,5928,-3079,5794,-145,115,2391,-95,-1921,6722,-6944
126,10.030669982402083,103,7423,480,5513,-2228,7597,6323,-1573,-7177,2665,-7852,18,-3886,62,-577,-3191,-2425
127,10.09893792404457,95,715,5046,6609,-7378,-6750,622,-7073,3111,4148,595,29,1613,97,-7712,-5839,-6902
128,10.172572054166515,54,3193,-4593,-1100,-2947,4116,5938,-4461,-6538,7179,2181,109,-7265,-105,485,-7929,7410
129,10.243299855239496,30,-367,4204,7304,1158,4807,-7943,-7223,722,416,2680,82,-6600,17,1101,-4617,4800
130,10.313877122494755,-39,-5341,3929,4598,4368,5371,449,514,2872,-7776,-335,36,3292,-59,572,4884,-7389
131,10.382697591672743,108,-7743,5583,-3096,-3988,252,-1760,-2473,7024,-2614,-241,32,6673,26,6120,-1071,4497
132,10.458176188714669,32,6176,-5880,-3059,-7550,-3848,7952,-2443,3101,-6445,848,56,-759,-58,5445,5053,-2769
133,10.524641573420517,-37,7103,-1578,6539,6704,-5222,-7877,7892,-4609,-8182,405,227,-6474,-59,5270,-7925,1914
134,10.597535864040593,20,3746,-3625,4411,5800,-4156,-8139,3973,1992,7456,7853,236,4325,-27,-5595,-8094,-4005
135,10.663221637525686,-94,1946,-4019,5979,4148,3986,-8007,-4438,6721,3314,6590,81,778,26,-5174,5997,-5331
136,10.728520385144193,-97,-1677,6944,2189,-1841,-6070,-1130,-990,-5633,-682,-4744,23,808,-15,4581,-7591,-2794
137,10.80191289138258,67,226,-4731,5345,5208,1884,5750,1627,-5260,-3231,-7083,243,6639,-58,4627,-7889,6787
138,10.870139350694615,71,-1300,2024,2179,-6657,6728,4899,-1363,5976,2371,-3413,20,1536,125,1383,-1974,5214
139,10.936010297881621,-43,-867,-7982,3045,-8144,1330,6348,1432,-2609,-6071,4390,224,-4633,15,-5297,-7473,-4474
140,11.009531955293166,40,6628,-7063,2111,-995,7726,-6051,594,-5876,-2613,780,42,5983,-62,-8069,3092,-3628
141,11.076522070096585,16,4898,-1146,6879,7682,-299,-3313,5404,4669,-2338,-5666,86,-4113,103,-349,-6616,-2924
142,11.151817631701054,-7,6412,3033,776,-5989,-1432,7131,-5751,-6258,-4390,1561,57,-5117,139,-1342,5196,2008
143,11.218625138719906,-45,461,-2245,4847,3739,7694,-1272,-5556,-5223,-5649,4678,85,-477,34,6962,-7126,-3354
144,11.295822045078891,-92,-6923,-497,7801,4722,6166,3277,5436,2250,-3793,7582,86,-7259,70,2044,-799,1735
145,11.376109171230079,36,700,-3226,-7729,1276,2399,705,-4662,5923,1205,-412,56,795,-99,5370,4425,-3358
146,11.441795800020955,25,-7202,6833,6950,4397,758,5759,5043,6905,2636,3794,240,-7657,8,-4030,717,3764
147,11.516602126717828,3,6956,-2163,1753,-4776,8013,1770,-2690,-2949,7664,-1176,87,4811,37,1693,6156,4985
148,11.607488202125863,38,-2907,3637,-7441,-6608,8059,3412,-5215,-4087,-4781,-4194,227,6699,19,-6085,-2237,-1923
149,11.686532996627957,76,5013,3705,7430,-6680,-3664,-7557,-7045,5380,774,-3078,99,-3763,86,5106,-7048,-4827
150,11.75285939414415,54,-2395,-4593,6237,-2947,2765,5938,-1637,-6538,6448,2181,36,-7265,-105,485,503,-322
151,11.825791745871546,-61,-636,-3562,-6078,5907,-6608,-4483,942,-4345,1655,5896,61,6348,-32,5847,-3140,4015
152,11.897073785091592,-80,-5777,1504,-7305,-2114,-4106,1743,-4214,-4158,6713,-1393,63,-7309,125,3437,2524,154
153,11.971483249905381,5,4868,7936,-3460,-6123,-3949,432,2475,-4262,-3013,1450,57,4297,74,-3540,-2868,-8175
154,12.046601335559979,-30,1408,6788,3363,2988,3334,-1226,1072,8177,2958,-6437,28,-1744,129,1353,-5650,7063
155,12.113518749371885,-83,-4406,-7705,7765,2768,-6844,6102,477,-3023,1189,8000,81,4929,71,-1318,-6778,-8006
156,12.176987570268716,36,-3232,3340,-1285,-2366,1887,4038,1818,-3721,2806,2249,100,5495,-34,4306,3183,-6337
157,12.244122659402269,49,-6895,-7981,4062,-7690,7388,-6017,-120,-3416,1010,2685,37,-1303,63,-1893,1041,-7280
158,12.316155657099358,-83,-6842,580,-3578,1527,800,-6271,-4879,-2269,7439,3690,91,6283,-14,6725,6385,223
159,12.384714402707898,-32,-1744,6339,1361,2529,-3857,-2321,-1803,7640,-697,1208,248,-741,-26,4556,4533,-4761
160,12.458063716004268,49,3790,5819,1120,6713,-1465,6572,-3119,7083,-115,6910,113,-982,-32,2192,1404,1718
161,12.523521550498323,43,1243,-6111,-4472,7123,-3001,6389,-744,5713,-7251,7497,115,5579,44,-4042,-3388,-5596
162,12.599666003091931,98,2021,-2100,7855,-5034,4112,-508,705,-7556,6706,1044,45,6751,-10,-223,-3853,1032
163,12.671215325369012,33,4862,-7551,-6255,-435,-5394,-8021,3142,1410,1047,1486,233,-614,135,5482,2675,-734
164,12.745231777175738,124,3825,733,-6176,-2962,-3189,4057,1084,-5834,867,6405,228,-5861,113,-3375,7655,5904
165,12.8235936100105,82,4798,-8053,7439,-3935,-1288,4662,-5324,-5519,7316,-2066,244,-4818,-83,-4801,2693,5445
166,12.91001926576275,41,-950,-885,4132,1863,-2117,-4739,6925,-6763,7381,6743,251,6053,-16,-1358,-5003,31
167,12.994104804894059,58,5829,-4086,5331,295,7367,7939,4836,847,-7352,-2727,49,-6498,-54,4115,-594,1137
168,13.065219204180735,-48,-2937,-4319,-5295,-7486,-2555,2195,-2284,-3287,-3877,-1979,82,-5136,-88,3495,-2044,-6647
169,13.142391734324917,-104,7146,-6435,7557,6879,7709,-1399,4258,5894,3807,-408,18,7708,-58,4770,-5639,6920
170,13.219167830238908,-53,-3047,-801,537,-2116,6371,-3351,7425,-8037,-7693,-859,254,2167,58,-6541,-2632,4016
171,13.293383140640069,84,1845,-7132,-4959,-5081,5475,-383,2985,-2609,5502,-4142,248,-7300,113,-4562,-1391,-405
172,13.363627693945931,-60,-602,-5117,-1162,-2797,1296,2905,-4652,6952,7823,3450,124,-1479,132,3967,1540,-6640
173,13.438584982113419,-47,-4761,3616,-3599,4771,7547,-3883,6616,2636,-2513,-1298,122,5959,14,-7718,-5555,2579
174,13.513194588480314,-68,-6120,-6358,-5976,5708,-2243,-8002,-6687,-3768,-2735,-340,18,7752,-85,7776,7355,-5041
175,13.580444288588724,-3,-6767,4806,2886,-6386,-3749,140,5623,5503,6648,-4689,244,5907,95,-4908,-3461,3995
176,13.657082252618839,115,226,-1796,-7506,-2970,-3165,-7527,3010,623,-6593,7669,232,3077,61,-3821,-1649,1041
177,13.725029454592885,131,2980,-1324,-5839,-3465,-978,7269,8121,1683,-3788,-3247,43,-1427,-47,3960,-1288,8157
178,13.79827142701355,106,5692,5390,315,-6512,-1414,7579,6538,-4929,7389,2492,109,-3969,93,2273,-6749,5259
179,13.876182086048038,-75,-476,7163,4139,-1153,-727,-4194,6562,4691,-339,289,82,2866,19,7169,-6693,-3147
180,13.94623505085862,65,-7845,5207,6391,970,-1961,3662,5967,3725,6299,-5685,46,-7836,98,2790,-7118,-7780
181,14.021885136709939,-29,2946,7003,8024,372,735,-7623,2090,1283,-5475,7816,104,-4247,48,2358,-3129,-6559
182,14.094492472239981,144,-3635,-3321,-7565,-5757,-7854,3844,914,-6949,-3113,-1488,125,6703,146,-3101,-4434,3979
183,14.172043902845816,33,4066,-5265,1034,1763,-3965,-3135,3852,-884,-236,-2608,225,-1365,49,7974,6026,-6714
184,14.245677177661978,138,7802,-4091,7834,-3050,-5873,7195,1700,-5168,-4580,7097,58,1433,-10,-3483,-5246,-7206
185,14.319144950809227,139,-1879,5725,701,2759,7605,6608,4227,2908,6762,-343,49,3080,-66,5487,2738,8097
186,14.395406152642147,-99,-3364,-2076,5741,6789,-6816,-2106,1798,-887,-3365,6371,63,-2970,81,2270,-2166,-1049
187,14.466470944193436,9,7143,-6656,-2363,4079,-7539,8182,1416,4186,2118,6562,90,2410,41,-2304,-2731,-1692
188,14.539241643127939,-50,1501,1226,-6166,-6425,-5792,1285,-2734,-2719,5904,-2515,104,-3562,83,-2782,811,3538
189,14.606226198443771,-30,4966,-4433,-7896,6693,-249,839,-4084,-2521,597,-3861,55,4157,124,2230,4585,7975
190,14.681231383735078,10,320,-5091,-841,7886,-7414,2994,-2425,6154,-7953,-3413,17,279,83,-4437,3805,-7770
191,14.749962901111683,102,-3836,494,-553,-7418,1742,3852,2597,2723,-29,4542,94,-7212,67,7643,7775,296
192,14.822194329750316,3,2466,6145,-3476,-5553,5489,7839,845,1874,-4420,759,112,-2137,-1,6263,5609,6955
193,14.895460678385781,-77,4948,2017,-4707,6712,433,-517,-4465,6816,7163,-121,247,-3822,140,-3936,-2368,-4046
194,14.967205865687056,-40,3345,3716,-132,5588,7768,-4194,-447,2027,5594,4875,95,1888,53,7674,-1261,-2765
195,15.044662357351033,-73,-240,-5999,7980,1815,-5793,-1085,-3445,-80,2153,2175,127,-8109,-56,5875,1428,174
196,15.113280546711456,-19,-3474,-7161,7653,7806,-892,-5473,2319,-8130,1443,1335,36,3231,86,-3549,-6057,-6572
197,15.190024141005711,123,5925,5291,-2732,-7589,4265,1056,-2610,-4139,-5779,5878,60,-7245,75,3895,3997,7899
198,15.261250585349895,-42,7077,1262,2104,2370,1801,21,-2697,316,-7538,-5720,104,-3662,70,-7160,-3280,-809
199,15.333892988417022,142,-4674,-1583,702,2174,-1087,4726,3209,4097,3994,2280,47,-2256,-83,-3838,-5191,2912
200,15.403724856682825,67,-7036,-8053,5304,5159,-7528,-2333,4617,5107,-7885,7968,85,-6294,-13,-5660,-5986,6090
201,15.472437557332215,104,6191,-1528,1134,-5872,4181,846,5214,-3397,7742,3731,107,-3661,6,6424,7165,-498
202,15.549123846139043,52,485,7513,1402,-5748,-1250,5938,2184,-7171,-7354,7246,252,3465,-105,-3333,5894,-1299
203,15.62549367180634,-34,-624,7251,5580,-1541,-3340,-2002,1427,7839,-1148,-5308,241,-6379,-51,-3689,4565,-7507
204,15.694251276009314,-37,-1061,-1445,1097,528,2161,301,-6565,3897,-3825,-3465,18,3156,-72,-4533,2107,6204
205,15.76617393926046,-60,6493,-2398,-4811,8083,-5921,932,4013,3091,-294,1925,49,3877,-12,-4203,-7895,-3649
206,15.833851292260125,-86,-5483,-4983,1189,3040,-5565,7906,-6465,6392,3708,2016,228,7421,10,-3029,-5511,6895
207,15.908766670444267,-26,-6994,626,-2520,-6319,2298,1220,2175,1342,-162,4881,226,-5014,16,-4736,-2706,4834
208,15.98100579683494,-4,5400,1616,5195,2226,2083,-278,3056,-4,3406,-3449,55,-2168,-64,5341,-8009,1481
209,16.055269859665703,46,4997,7206,-3593,3950,5767,3377,-7975,1371,-902,2088,106,-6024,42,-6017,-1416,-2771
210,16.12936371664575,39,-7814,3486,7080,7835,1312,4308,954,1642,-5521,810,34,5172,78,1343,5302,4805
211,16.19754142352818,-94,-3005,-1223,-2996,2729,-5185,7221,6153,8082,-7969,1321,52,-4562,-87,-6986,-1155,-654
212,16.269845980811215,34,-5725,3706,6949,6032,-2925,-6521,6218,-554,-904,-6471,125,4634,-21,-2045,6434,445
213,16.340809418627277,-99,-7107,6203,-4763,-3703,-7122,-2960,-5720,42,-7611,-3082,41,7855,48,6539,5959,3299
214,16.416713530296,-88,-4877,-4404,4979,-2028,-4347,2157,3280,6253,-7261,352,237,-4567,4,5261,-1786,-4083
215,16.483944413677193,-97,-7927,68,3128,4064,-7090,-5219,89,-7341,1916,-256,23,-3104,138,5140,54,-1619
216,16.55857839625889,131,897,-2664,7355,-7007,3135,715,5959,4524,5412,3263,250,1228,65,-3310,-3221,2016
217,16.63879667029459,105,-4147,5150,-6380,1537,-4256,-2878,2148,1068,4465,6603,229,6375,116,-2784,-3670,-3410
218,16.71150920843588,12,-3367,2576,1692,-3433,-4178,3503,3230,-8002,-2925,3453,47,-1552,47,6269,-1928,642
219,16.780039301300707,63,2645,6703,-4290,-1210,-4641,709,5011,-4525,-599,-1295,108,888,-97,-3399,7378,7119
220,16.859059719588,73,445,1758,-7530,-5339,3811,-7256,-1088,-7004,1349,3742,95,-1536,84,-4930,1025,-5671
221,16.933849795475005,103,-5334,3244,1382,3307,-4411,438,7418,-142,-733,6798,56,898,77,-1638,6476,6314
222,16.999572347108746,-8,-6470,2928,7064,-3584,6954,2039,-1475,7937,3063,-7856,251,-3698,47,996,-1580,3803
223,17.066767307647076,110,-5718,2018,-6779,-1065,-3131,-7854,2341,-3756,-4590,7679,55,-6494,79,3370,5278,7526
224,17.138030957792797,94,692,6922,-6242,-2440,2522,8072,3843,6758,3211,1883,29,4274,148,-7966,2828,-5175
225,17.210485193587772,-57,-6277,-3980,-5108,4257,-6459,-3587,-7233,5578,-2123,-5365,123,-5545,17,-5412,694,7528
226,17.284275417015024,-40,7554,492,-5906,8017,-2333,3575,-1891,1055,2288,5457,87,7553,-75,8045,-4749,-2944
227,17.35514134997188,-5,-5223,4360,6620,-1450,5937,-920,3868,1607,2993,-1649,116,2630,-44,-7995,-6612,4806
228,17.42480771656877,-43,305,2007,-5153,1036,440,1288,-4157,-5722,-995,-1237,100,-1055,69,3987,-1668,7143
229,17.500518956783537,56,-6258,-6756,-3709,-5970,7967,8107,2391,-3276,-7642,-3866,46,-1502,89,-1479,7960,2950
230,17.56837335808018,-14,4262,5491,7518,4789,-6452,261,-4523,-138,-5327,-960,86,2152,-83,-6036,-5157,3037
231,17.633975311598586,144,-2122,-5446,4122,-3879,-5382,8144,-1385,7390,47,-7646,25,8099,54,5710,2495,3909
232,17.70930594074014,-48,545,1483,-6799,7000,-3484,-3427,4147,5011,1572,-1868,36,-7661,127,-177,-7632,1938
233,17.778436885917177,35,-2257,-150,-3975,4936,1687,6480,-6461,2940,-3966,-8183,242,-6162,43,2049,-2732,4066
234,17.848660056578478,-95,6235,-5389,3829,3189,4845,-3194,-5668,-6895,3991,-8074,248,-1751,2,7084,911,-7636
235,17.918282374927568,-75,-2553,-875,-248,6361,2551,2417,-2136,-374,-2976,4246,95,-4384,118,-2566,813,-577
236,17.991266045001915,144,7596,-7156,4121,-1377,1012,-7381,-1524,-4813,4901,-5530,116,4141,94,4885,3329,-6459
237,18.058482388184807,-95,-916,-5261,-2166,1563,-240,7874,-5731,-6277,-4328,6812,122,-5700,-99,5230,5165,-6214
238,18.136267317269265,-61,6059,-1419,4561,-8098,-6224,5796,7622,-2929,-1407,6980,39,-3795,104,-1064,-3916,-4424
239,18.217295565880995,-77,-317,-7853,230,710,2944,6043,6590,-8171,5024,4473,63,2726,63,-2074,-3202,-6505
240,18.288826499083754,11,2216,-2084,-4098,5314,-6490,-5477,-492,656,-5796,-2025,17,1987,50,1849,7141,3525
241,18.359486730999915,43,-1244,-7008,2879,-258,5947,2292,7641,-3325,6524,-5521,17,6264,1,4363,7133,-4722
242,18.432600835206095,24,6164,1149,-5070,-1863,-6638,-1170,-4219,-5934,5732,517,112,4819,28,-1522,-5950,6245
243,18.50067034590704,-105,-7317,5813,-7531,7956,-2323,-1895,4891,-4226,-1807,-2394,90,4511,122,-4437,-3639,-6164
244,18.573836623765953,128,159,7587,6147,-5190,-6210,-7387,5806,5524,5558,-2752,229,-2081,-22,-2467,-55,5556
245,18.64275972963784,-8,-3230,-4350,3986,7069,1325,-2998,-3056,3841,6976,2260,36,3622,124,6680,5482,4888
246,18.7159726216619,59,816,-3360,4600,-7162,6415,6177,869,-884,4881,-5384,89,1417,-32,2289,-673,1291
247,18.7892569317188,125,1653,-7479,-4952,3600,7648,5005,7162,-3654,-989,3708,119,79,95,-3075,1407,5713
248,18.86282392033682,-2,7029,-6182,-4134,-7795,6324,494,-8180,-3818,-5524,-2949,57,5659,-65,8105,3000,-3952
249,18.937507083001012,-90,-1734,-6706,-6169,-6837,-6037,234,7660,6178,5756,-7737,233,4801,47,6505,1623,-7489
250,19.006286925154328,37,3213,-6127,2935,-773,4985,845,2945,-4147,1489,-4046,245,8039,95,-7444,6976,-7011
251,19.081548274527496,77,-7220,4643,4568,-1877,-6860,-6887,-4597,-6489,286,7532,245,7758,-12,7307,-7729,-5382
252,19.156356311835935,-23,-3452,6456,1863,-564,4552,5765,5432,-2996,-1538,-1846,87,6689,112,-6133,-7657,-7597
253,19.22946485655453,131,-3080,5321,-7185,3631,5475,7278,6368,1608,-5882,-3332,123,-2923,-53,-8041,6409,-2429
254,19.299144052738153,-32,-2208,4450,-332,6675,-8138,-4299,3868,3123,-3649,2373,109,887,88,7473,4040,5045
255,19.365046646239115,-25,2415,-1226,-4042,6986,3097,2174,-3990,5781,-7594,-3065,91,7814,125,7039,-6959,4695
256,19.44107135602317,107,7790,-7506,7541,-797,-8057,-7429,5592,7814,-7061,-151,228,-2929,-69,-6833,1837,-6939
257,19.516148387000207,49,4844,-4632,5893,-847,-4568,860,-4836,-8108,-4431,3039,53,-7571,-3,2933,3278,4457
258,19.584240563304387,-52,-3550,6956,-2757,6679,1208,6711,-3690,-6004,2581,-2512,243,-6664,94,-4023,5369,5341
259,19.661304469614194,61,5688,5847,-810,6410,-7911,-2908,2886,-7844,-4435,4315,94,1412,56,-7771,-7078,296
260,19.73174189437401,-88,3860,-2465,3380,6685,-3388,-5662,1079,5242,6816,-5297,103,-6615,-81,6503,-1604,-1700
261,19.805028770348258,0,2852,4032,-1156,3164,-2247,5195,-1022,1632,7375,-5598,230,-4665,-91,-7815,4596,7613
262,19.871597647053793,138,-3832,5403,8051,-6534,4173,4345,-3124,335,-428,1739,88,1082,106,6014,-2385,3050
263,19.945527285323593,90,-4926,956,-2117,-807,603,4089,1544,7521,6585,-4206,56,-7802,79,-4139,6354,-6802
264,20.021373663851996,65,4624,6770,7083,-1888,69,-3572,1065,-1478,1473,-1987,98,-7227,-15,952,6430,-6496
265,20.090425920897044,-68,-5733,-4892,1240,6558,5033,-1578,-5050,3919,-7488,5515,254,-255,-42,-4788,-3087,2090
266,20.16569967220406,-97,7769,3544,-1788,-3321,-2260,5442,5283,-5685,3779,-2358,53,-6558,12,458,-4584,4916
267,20.233273533204038,31,-3335,5974,1421,-8030,4532,3378,-4768,-1586,-323,5391,22,5865,-74,-1777,-718,7891
268,20.309304230128575,-10,4747,5465,3185,-2965,-8061,-587,-12,-3954,-6937,212,28,7560,-71,462,3617,-5034
269,20.38195689686509,81,-2592,4214,4990,3839,-7786,-7092,-7713,5138,-2923,-7215,247,-5934,9,6665,-4857,-3796
270,20.451479572090516,102,-807,7608,-4088,7923,-7920,-6133,727,2849,-2213,-7325,46,1633,110,3728,-4529,-280
271,20.518372182034728,111,-7771,-1515,-5185,-6132,-4499,2911,3418,-6360,3636,3129,105,-1923,149,1927,-970,-6678
272,20.591416578819636,26,-2150,2095,-6015,673,2419,-3059,-6957,-4739,-2817,-3709,242,3991,65,-5061,5597,-4525
273,20.657692085641767,-96,1250,5482,7518,-1513,642,-1356,5762,-6907,2406,4610,89,-7460,76,5268,-6277,-3033
274,20.73258693648713,-56,7665,-740,3003,4799,5849,-4952,2630,-2354,5952,6624,100,3417,44,6878,-6596,5407
275,20.80041952748632,60,1927,-2526,1504,2528,-3595,-196,-8072,7675,5157,-5663,240,-654,126,1412,-1024,-191
276,20.873719660700196,54,3857,3837,7115,-6659,-327,1803,-7018,-677,-1097,4721,225,7833,48,-4499,178,2925
277,20.9489010389827,-84,561,-3331,602,2742,-6781,-4120,-2641,1066,1733,1449,246,-7258,60,3508,-7251,-5791
278,21.01618880019843,150,3010,2678,5606,-4586,5691,2300,-5555,2675,5683,-5060,88,4733,90,2871,-3983,-1325
279,21.082096953186976,1,-5086,4856,-17,-4848,-2989,-1253,-1756,-6501,-778,-1172,49,-3337,-81,7235,5830,-205
280,21.151797104362274,41,-219,1277,2976,3085,-7701,6125,1425,-3350,-6927,6924,117,5764,45,4116,-4389,-7109
281,21.234508594753983,-1,6619,1302,-3894,-4850,-610,-7400,3284,-1523,-4736,-6617,117,-3913,-61,-1242,-6838,-1007
282,21.299474200770202,106,4005,-4709,-2361,-1363,7732,6269,6488,-4078,4968,6355,88,-1399,5,8089,7142,-5856
283,21.375537826967363,-24,4343,7550,2585,-123,6299,-6944,-747,-7850,6903,7131,97,-6005,-34,-1610,-2300,6417
284,21.446897271360726,102,1520,-213,2465,-5440,6200,-6653,7039,6270,1175,-1969,246,-2743,98,-4076,-3367,-6761
285,21.518967902512248,123,7655,-5821,-3583,6835,2810,-7891,-1901,2139,5450,-2618,110,1301,50,-5933,4148,4999
286,21.58464041875771,60,2100,-5979,6048,-1422,4943,-2563,669,7979,3402,-6094,17,5629,149,1913,5446,-6222
287,21.652450344153664,42,-6947,474,3356,-4125,-276,7810,-1240,-721,-423,1214,27,-6344,-44,-6205,6702,-1163
288,21.725782978987276,-99,-5953,-4149,-2742,2659,5314,4150,-6203,-6985,-7264,-406,237,-1601,101,-6111,527,-250
289,21.801044328360444,-8,-3900,2087,4442,-482,5335,-7825,1002,-3985,-1334,6706,51,1936,-68,871,-7569,-4714
290,21.870298437570163,-12,5374,-6416,-6817,-254,7215,-6930,-1117,565,2862,-2124,251,-3506,16,6633,5402,7157
291,21.941754103864056,47,4922,-5915,3902,-5339,325,-25,-5445,-695,-1615,-5356,23,-1593,73,-2977,-3001,-396
292,22.010996666445713,89,5044,8036,-1456,-4998,2616,6977,5139,1065,2185,1653,120,-1830,-47,381,964,7534
293,22.076790636112293,-100,4691,368,419,-6948,-7495,4649,-3574,-3608,-5954,-5594,17,6559,17,153,6918,912
294,22.15072882743992,-58,3704,-1764,4999,-463,544,6056,6965,4065,1360,-2701,57,6581,71,6511,-2004,7991
295,22.221935172098213,-49,7291,-5214,2015,-7387,-1448,435,5277,4966,1892,-3956,235,7728,9,3157,1687,-66
296,22.295560749162334,28,1806,5325,-3330,5263,1518,-5866,-5441,-5381,2326,6283,52,-7662,-87,550,5772,7651
297,22.366587051953413,135,-847,-619,2012,951,-6564,-3870,-3662,-4438,-95,4874,27,-7355,55,-3251,-3209,-3035
298,22.437494467240718,4,-44,669,-5587,6897,-2631,-6026,-1598,-4075,7782,-722,27,2728,77,-6903,1141,-1238
299,22.512734861622217,12,-6250,-6499,-2915,7234,2449,-2341,2825,-6196,-5175,5201,19,2646,-39,4073,-849,-5435
300,22.578637027470283,-78,-1427,-3705,-6607,-2662,4314,-4774,5273,-2459,4641,-4879,83,-5229,11,-3868,7640,-3595
301,22.64488644746605,51,4217,6288,-3336,-756,6253,-116,4994,7482,909,5301,125,7751,-66,4669,-153,1235
302,22.713625662594698,130,7528,-179,1779,-5159,-2989,-5028,-6257,-2103,-2553,175,94,1460,-42,7300,6772,-4860
303,22.785015470343343,-33,-5187,4549,-6979,1198,-5425,-2411,3600,-6413,5698,-7249,121,7112,56,-4068,-4563,3860
304,22.855136431963633,79,1035,7287,-1988,-4499,-454,-4102,-6019,-5390,-655,1845,52,-5780,25,-2379,7626,6553
305,22.92418526778555,-53,2495,771,-5499,417,655,-6769,2661,-2346,-7112,-3147,31,3702,-50,-7508,-2876,5424
306,22.991050935597613,-54,1209,6516,5912,-430,1398,-3772,-4788,2383,-8094,-5262,253,5810,139,1151,-3220,-7107
307,23.064994258759935,126,1218,-4785,196,-7559,1336,-6134,-6482,5224,-4410,-7470,97,7252,123,409,-8078,-5920
308,23.132589074751586,104,1570,-2016,2059,-2979,-2590,-6136,5784,-6640,7694,1291,241,-1380,7,4736,-1985,-3535
309,23.200469135221706,114,-7636,1248,5361,-6037,-6566,2746,5624,1010,3299,-3332,18,-3217,25,-4390,-7067,-8098
310,23.26840265230323,-102,1859,-2783,-6390,-5917,1033,-5018,2588,4902,6254,6034,87,5666,-24,-452,7536,-1120
311,23.335155419752002,52,322,-7285,-7830,4424,-171,167,-717,2005,-1842,2885,60,8079,-13,7380,127,-7102
312,23.401226080839226,89,2850,-5250,7202,-4222,5414,-258,-4884,2242,-2485,7450,226,-7167,148,5679,-266,2320
313,23.475632979735668,-16,-1335,-7936,1307,-6712,2920,3745,-7230,-8045,7312,3442,248,-7609,-24,-628,7838,-5949
314,23.543110618835115,-6,368,6580,-2514,-4910,-3127,-1303,-1707,4222,-7704,7604,108,5400,-57,-6919,-5826,1448
315,23.617253228244763,24,1077,150,815,-4739,-3142,4066,1167,3775,-714,-557,111,3650,-53,4676,-4670,-7469
316,23.686155806777872,68,-4694,2462,7309,-1593,-6768,-3495,-2169,-4931,-5524,7218,252,4,38,2802,1948,-2835
317,23.759847242387245,-92,-4867,-5280,3003,846,-3503,-4918,4863,-997,2019,3948,103,1158,102,-5934,3708,3596
318,23.82641654674567,120,-8165,161,-6402,-2436,-6602,-5909,-3530,5572,3506,-3079,43,-7928,-6,7529,-7759,-7156
319,23.899596937149994,36,-4675,2885,-519,-943,673,33,-5744,1398,-7857,3848,56,-1475,26,3243,2512,-2389
320,23.96563210304724,-55,4389,-5603,-6694,-3635,169,-3891,3523,4573,-5741,732,245,4865,82,4753,-6307,5149
321,24.03067939076569,42,-3272,3676,3475,-3669,-6955,7814,-3009,7382,-1938,-1970,38,-7620,72,6157,-360,-6561
322,24.1058898494448,46,-4051,1477,5349,-4685,244,3872,-3717,2952,1418,-5238,93,458,-29,8037,-2782,4016
323,24.17503105829123,70,4161,6122,-5413,1236,-1543,1859,5841,-6702,4583,-1044,24,1294,-19,-525,-7761,-6443
324,24.246762988352874,40,325,-7290,3211,7110,3425,5683,7648,-5921,-5667,650,23,5249,105,5462,6664,7967
325,24.325203936972517,-31,2540,1563,-3957,-5733,5333,-3028,7051,6958,-7184,-5935,238,6861,-34,-3828,7162,57
326,24.395678995186767,140,-2456,6802,3038,4298,-1892,-7352,7100,4017,-6758,-6865,122,-7309,71,-3440,2089,7946
327,24.470074775108035,-53,2931,-6639,-4426,6226,-412,1310,-520,5566,5598,-6784,102,-4282,-72,5146,8163,-1358
328,24.535395760676888,-36,8125,-7824,6502,-3402,5901,-5754,4978,1990,1673,-485,56,3324,119,664,1464,-5077
329,24.60050505806457,7,-5205,-7445,2829,2472,77,7152,-3174,-596,6555,2085,108,-4293,38,4932,-6811,-6704
330,24.67513989595205,54,-8086,-2237,-2782,-1675,6523,-1812,-4968,6425,-751,4537,107,5744,-5,446,7239,4677
331,24.752122120559626,6,-815,6362,-7346,94,-966,4288,2966,-3696,3267,1570,230,-645,60,-3713,7363,849
332,24.816850806874093,-88,-235,8098,3137,-3746,-2753,7671,2440,645,-3215,3493,62,62,-55,-4018,-1311,1547
333,24.884470426733436,-5,6482,-8134,-6134,-5995,5350,-5322,4099,6024,-7952,-3650,231,6142,-105,1035,3454,-1534
334,24.95704397768507,-105,2933,-4981,6880,5583,586,7618,-795,3925,766,406,42,6735,-102,6218,1041,-5912
335,25.025937575507463,60,-3969,-7456,-6744,2589,705,4674,-7557,5870,5030,-4016,123,2483,0,5090,1313,-7515
336,25.099305705531048,148,-68,-2929,7929,3544,5636,7960,4660,-2001,-1393,4325,245,3686,45,-3847,-7763,-4115
337,25.16776266975147,-54,3722,5630,3074,-6466,3448,6203,-3225,5179,5527,-964,229,-4753,100,-750,-2491,7886
338,25.24118682230381,-87,1676,-5471,4718,-6938,-6114,1781,-1394,786,7130,2815,86,3630,46,-1250,-3623,3078
339,25.309873436126832,2,4310,-4723,7266,4794,-3119,-1446,7034,-6087,-5534,1452,225,2988,103,7037,-5687,-3222
340,25.384703711385615,-32,7392,867,5839,-4795,3511,6647,3587,-2244,2920,-4959,117,-581,-75,-2892,6539,-7943
341,25.45048870034148,-59,-4377,-4395,4648,-3485,182,-2231,-5453,7589,-2355,6255,101,1109,81,-2108,2825,-4443
342,25.524126251686557,-26,-5916,-4257,-6200,2568,6412,5783,6700,-5850,-7781,1979,103,-1620,-23,-2008,-2589,-1782
343,25.594395181207222,56,7159,-7814,-6428,-5503,-3936,-1233,-2016,-717,3490,899,93,-7114,118,-4458,-3716,-6974
344,25.668042568568797,24,-7843,6791,-7099,-1338,-8023,-1562,-1176,6140,3848,6082,43,1182,59,3725,2865,1297
345,25.736082571220244,-5,2124,3031,7001,4533,5799,-521,2138,1111,-7837,-3226,252,7542,-15,6188,8100,7719
346,25.80530161289288,143,493,-3392,-2868,450,-2299,-7435,-6174,1445,6956,-2033,29,4360,50,1651,7113,-855
347,25.873849239526248,83,7595,7263,4193,-6475,2097,-7075,7668,-6430,7427,-3542,92,-4773,52,5743,-1253,-5211
348,25.941201148675667,-43,5425,-3880,3667,3096,3805,3881,8087,7761,-6627,-713,227,-1362,-106,-5305,5012,-2480
349,26.013296583694878,148,-2306,-2929,-222,3544,4367,7960,-6760,-2001,-1331,4325,86,3686,45,-3847,1667,4900
350,26.08067928385247,7,-157,-7545,-4171,8060,-7463,5131,2274,1013,2291,7283,35,-3492,31,3582,-4610,7116
351,26.154548623064603,-103,7489,8143,5449,4311,-2421,-5549,7774,3518,-2802,-2426,59,-6263,58,-533,5463,1098
352,26.221253493389554,-25,4032,7875,2886,-5368,-6622,4418,2878,1346,-5897,-1076,234,128,-105,-3949,-5868,4182
353,26.286668562594485,22,-3551,-6138,2126,-1190,7584,4127,-3935,4437,4745,-7638,84,2166,3,6882,4367,-59
354,26.35906549290203,29,5804,-5899,-2289,5457,6498,4077,4550,6706,6002,2090,89,1962,112,-7832,6610,2964
355,26.427785463650572,111,-7054,2734,-4752,4404,-732,-7028,3544,3696,4087,-6668,118,-4565,-89,50,-315,-3481
356,26.501021021277868,27,-5615,-6789,-2516,2993,-956,-3884,2561,2462,-6467,4710,38,-7726,27,125,-5567,-3534
357,26.569327451680568,-11,5985,-2120,3394,5731,2879,7165,1662,-6759,-2027,3529,255,7072,-45,-5759,8158,-5743
358,26.642512118613805,125,-4321,4612,-7288,-3474,2009,-1820,-6,-7433,5295,-390,119,7214,109,-1286,-2082,-4647
359,26.70905790206321,106,-571,4394,-2421,143,-5336,3421,-3367,-4586,-8054,352,242,-3258,30,-1402,2592,4503
360,26.783052971225374,29,4562,5247,-7903,-966,5008,2330,6307,6764,113,-1289,252,-1975,-8,3704,-2719,3063
361,26.85225747269971,-73,4835,7995,-3033,2650,-5595,2276,-2902,5332,-7829,7051,123,-1163,126,-5164,7611,4461
362,26.925803506326055,-55,130,516,-4445,5112,-3859,-8055,5829,-2015,-5836,-3553,234,3726,91,516,-4810,1338
363,26.995576786145758,76,-306,-5936,-2980,3662,-1830,-8123,7440,-4028,-6596,3899,59,5218,86,-8033,5867,-761
364,27.069561591638532,-86,4565,-1278,-218,-678,7500,-477,8166,-4523,-4654,-8062,231,-3724,52,-948,-4379,-5129
365,27.136821983069222,95,8134,-3954,5620,6052,-6305,-3625,-3474,-5037,-4980,4252,233,-5717,-44,-2506,-2633,4110
366,27.21090343811542,31,-7930,5468,4833,-6252,-5286,7668,72,5522,6254,-1925,116,2901,68,-1454,-824,963
367,27.27577453284267,-103,2377,5998,1890,6818,-7139,5928,1015,-3259,-2633,-3073,230,-5540,-49,6116,7534,1479
368,27.351786413039992,86,6132,7834,-24,2744,-6289,3325,-5471,5549,3658,-775,28,-3697,-63,5125,-7533,-5950
369,27.419435113295943,3,-690,4675,-5009,-2592,5863,-1723,-4982,-6090,1901,6424,116,6393,37,500,4997,3706
370,27.493204809384416,140,-2668,-6709,-7670,-1631,4403,-5703,6347,-6519,-280,4038,235,2157,-69,-3796,-2885,-2635
371,27.57175438183844,-12,3285,-6672,4806,1234,5301,1343,5114,3797,-2296,-6982,83,-375,-29,7021,-2687,5804
372,27.68486001851737,95,2203,-6696,1000,6290,-4839,3326,3670,6752,1167,6431,249,6323,81,2735,1661,7803
373,27.749379582568015,-19,-7425,3424,7103,7759,1474,-3741,7759,-2864,4526,7036,228,7289,-18,5081,-2279,-2697
374,27.82844233849154,11,164,7492,-5715,-5,-7111,-6100,-299,-1434,4910,-2378,255,-1417,-11,695,4089,3821
375,27.902153446133912,124,2277,-4009,1892,696,-7963,5523,-2443,-1373,2567,1457,58,-7867,8,-1608,3276,7011
376,27.96909523616062,6,-4424,210,409,-5416,-2153,7668,-565,-2384,5856,5267,89,-5483,139,-6055,1445,750
377,28.042710977208237,148,3617,1794,-1744,-6931,-2254,-3559,6354,-5843,5610,-394,86,-7364,-65,7691,6394,-6892
378,28.113995582345634,137,1091,-4924,-4936,3830,-7502,5153,-8127,1380,-2559,8068,92,3881,-80,532,-1146,-647
379,28.182376852004303,-53,-6008,269,7912,4488,2384,2563,-2096,4696,-3447,1235,30,3705,-11,6230,1048,-2018
380,28.251320485214972,-55,1051,-6914,1362,7785,6037,4464,-3501,-5028,5448,2769,254,602,81,957,-1534,-3142
381,28.319826201864995,-70,-169,1383,-4732,2782,-6087,1041,5884,470,-1672,-4189,104,-4025,-97,4213,-5028,-7004
382,28.393674158432567,11,4395,-663,-1656,-3879,3572,-3292,-911,2055,-7957,1002,24,-6468,-45,1273,-8119,-3285
383,28.46577900181539,150,-6625,7511,-5041,6454,-290,4648,3267,4429,3355,-6259,39,-7566,75,-1607,1807,8081
384,28.536469169433936,17,5028,-3583,2528,-3473,-6637,-1906,5880,2364,5179,3788,97,6773,75,2602,-5097,-633
385,28.614001355659664,-8,4900,7890,-6744,-7932,3123,8167,2008,-3237,4003,-4707,39,1082,-79,-2611,275,-5220
386,28.681381062247016,13,-5292,4310,-326,-6304,-4894,-8023,-5629,6347,-7061,5116,230,5147,106,-6211,-2959,-3016
387,28.758296573003555,99,756,1238,5604,4407,6625,-2911,2586,-7136,6110,7419,248,-3186,82,-8085,5905,7229
388,28.835092768603435,35,6687,-2780,-498,-2465,7000,389,5049,6653,-311,2808,29,-489,125,7715,5729,7595
389,28.90540531871901,129,-7165,6919,-8175,-748,-5732,-4640,-5951,-57,-6479,4396,106,-5217,131,3173,824,-1209
390,28.975054579200247,-44,1591,788,6492,4899,5428,-5494,-5687,-7514,-7487,716,95,-5208,-66,2223,4698,-1501
391,29.044616598491668,46,-4860,4377,-6672,-4527,3657,2500,6496,-873,-2513,1712,245,7035,10,-3087,5712,3210
392,29.115493222770805,114,-4051,4919,-7076,608,-4169,-4564,3368,-3923,6616,-977,36,-5608,16,-7833,-1272,-7875
393,29.180885626372497,103,6383,-7037,-5071,2949,7616,-6576,-2803,-2914,-4743,-5698,232,-691,116,3457,1098,7677
394,29.24765849350716,-33,6113,-7328,-2175,5286,-2803,8140,-6854,7724,5522,-5468,21,-5542,55,7722,7958,7787
395,29.320935533464908,77,1740,-6289,-4540,5242,-3870,456,1936,-5108,3987,-6965,250,-4352,68,-7799,3226,3459
396,29.39000318601404,22,-2382,5325,-4508,7214,-530,5104,-2773,4687,-8062,2125,253,3680,144,7971,-2705,-2333
397,29.464898892165184,115,6191,-1719,-7683,-7141,4978,7468,-2135,-63,7353,-1052,100,8130,124,-6726,7330,943
398,29.53310824536157,7,7284,-1683,3841,2024,22,7416,708,3006,5364,4377,229,-4851,33,-1881,-1217,-2756
399,29.606608520128553,44,-4495,1628,-5129,-5644,5541,-6604,-5639,-2401,3539,4438,243,670,-30,6228,943,6827
400,29.67368331020444,36,-1343,-340,4744,2994,1980,1136,-7700,6042,-8044,-1039,224,5407,-30,-8052,-3746,-1739
401,29.746135407734958,75,4918,-7907,2062,3234,551,7288,-388,873,-7463,-2306,37,1030,-79,-3199,3485,-3312
402,29.82439161030558,142,5458,-2245,3781,1139,4930,7574,2907,1005,527,2848,53,-4756,-82,5354,-4519,5600
403,29.894810645991075,-28,-4241,-4949,1646,1080,6105,-6504,-940,1075,1072,-1172,245,3040,32,6755,-5591,7656
404,29.966689688647314,11,8114,4664,-3676,152,3252,2749,-5663,6331,-5797,3649,24,-2284,73,-1267,5096,7495
405,30.035181720404815,-82,949,-6035,-3016,1693,-2876,-30,-4386,3051,4487,-1694,17,5374,-72,-6182,7838,-1927
406,30.100026728305703,66,-4807,-3136,78,-2836,7118,3662,7537,3833,-6240,-5548,246,-3755,50,-4182,-4005,7943
407,30.178793548428484,-29,-2043,4507,-3860,1269,4837,-6400,-7649,-5192,-2597,985,228,-1728,90,5660,2323,-8162
408,30.25196880699811,-19,-6091,-694,5116,-938,-1309,-3799,-3020,4107,-1113,729,254,843,141,-1930,-6103,-6958
409,30.31935749429618,37,-3534,-1055,-6939,4925,675,-1725,-6787,1605,7175,-968,27,-3561,-98,1366,-4889,-3693
410,30.38622914924872,-62,3811,-6110,4378,-7817,-2873,-2957,-4836,-514,-815,6084,91,3270,24,-4738,-2582,1177
411,30.460023221551996,-90,3270,985,-7458,-778,-3976,5194,-2554,3345,-7640,-135,36,-738,37,-5950,-3822,1079
412,30.53665733670609,11,4712,635,-7876,-6065,-3930,5458,3079,5473,-5328,-2403,108,4164,5,7364,3522,2762
413,30.620395194036806,53,1935,6421,-506,-463,-4610,-2918,-1390,-5191,3378,295,86,-5841,-47,-425,-3766,7538
414,30.722546929559154,-62,3968,2427,3542,3316,6359,575,7884,-3117,1527,-7480,233,-5799,120,-6953,3864,6349
415,30.80809717984301,88,-1326,-6624,789,-1007,-3804,2457,1025,2765,117,5397,236,-6813,14,-5634,8163,-2686
416,30.897303434694194,115,-5498,1907,-3624,-7010,-951,1405,1992,-108,593,-72,123,-2571,62,3311,-5547,5509
417,30.965070594801023,-20,-3166,6299,-4346,7433,-1595,-2867,-8154,-7264,-1425,4087,122,3647,80,-5097,1224,5757
418,31.034481224968943,123,6831,3590,-3032,2212,-33,106,3692,-3575,6751,6564,109,-5618,75,1207,-6809,5305
419,31.109172940690957,115,-4118,2450,-3298,-230,7289,-4357,-4731,-3072,-2313,-2985,110,-5874,-64,-7962,7085,6796
420,31.18366194894252,-29,5809,6268,1352,5749,1844,5595,2021,-4719,-2859,-3606,94,-8127,6,2696,6220,2467
421,31.264653847058497,-101,-6972,-4801,36,5178,-1758,5725,7984,-5251,3803,1930,254,-8175,33,-3090,177,6796
422,31.343345827925305,50,7117,1424,3910,-2651,6894,5318,6215,2929,-306,7505,36,-7620,-2,-2408,-6329,7428
423,31.420431972185455,-45,7631,6753,-2602,696,6155,5738,3073,-7868,3573,-7100,97,-1853,-88,6658,-208,3417
424,31.49810913274132,-23,7603,7434,-4472,-5287,8181,7654,-2822,6109,-6670,5001,107,-5509,62,-5591,6027,2629
425,31.567860174610676,-92,-4426,3732,-1689,-1648,6243,-5408,653,1669,-5506,-8032,98,6558,-93,-3527,4527,588
426,31.639719545233916,4,-7533,-7861,-7553,1665,-646,-2191,6213,7246,3738,-5959,92,1977,58,556,7703,-3761
427,31.70822611718972,-67,758,3081,-7800,-104,-2515,279,-1490,-4337,178,4930,62,-6519,140,-2183,4726,-5533
428,31.786333924207078,94,-3441,1045,6589,3422,2191,-4997,-2421,-2585,8150,-1685,87,-868,9,2484,-6041,3663
429,31.860777601252167,-55,1673,7814,-5882,5876,4279,7247,455,-3978,3576,3723,229,5866,93,-3305,-748,4537
430,31.929918810098595,-58,-3099,-2120,2640,8064,968,-7593,2,-7964,-4734,-6150,234,-1652,-69,-458,7111,-191
431,32.00870188103124,-7,2007,1555,-3132,-1389,-2499,1216,-4410,-7032,197,-342,61,-7702,-72,4912,1555,-1960
432,32.08096239006648,-76,-3174,-7700,-4295,6506,5375,5718,-1476,44,-7444,5608,237,246,-70,-3122,-147,2849
433,32.145635909157974,-59,-4010,-2651,-3852,6754,5455,5753,-3215,4907,5155,-2398,20,-8177,105,-6312,1806,7214
434,32.21827146977884,3,7001,5595,-7181,6578,3381,6848,-3730,2998,7406,1089,51,1240,-56,-376,-1980,1032
435,32.29221222702381,-101,300,-1582,-5549,4071,1249,1839,-5065,-1834,814,-6300,43,-2972,119,1945,3455,-1097
436,32.370929011758314,134,7305,2948,-5716,563,178,2270,-7483,7897,2427,-7234,81,-587,-17,-4582,-527,-7486
437,32.448250365108656,103,-5261,7916,4114,2332,-6249,7000,3051,5025,7342,532,110,6868,-91,-3132,7264,5439
438,32.53297054113059,-1,2919,7889,4534,-5053,-3716,-2242,5895,1131,1172,-6150,237,4057,-100,1880,6328,-5650
439,32.60546925282625,83,-762,6833,5862,7851,2949,-1371,3138,-6177,6526,1220,102,4164,66,-6294,-1600,2282
440,32.678468746057575,-85,8057,-3771,3000,-766,-5973,-756,7305,2264,-2961,6875,28,-1167,41,-3195,5988,549
441,32.74901180108154,146,7946,-2952,6819,-6421,-3367,-2933,8133,552,-5587,-1511,114,-4021,102,-1818,-7339,-3152
442,32.827479691833325,-15,2668,-7868,4225,3250,-7675,-2879,-4740,3712,4566,1685,47,6417,65,-1279,-5342,-1837
443,32.9089655290387,-38,-1926,-6140,5416,-6385,-502,4630,-5689,4799,-6256,7457,81,1498,-75,6411,4175,-7970
444,32.98835287350669,11,3583,5109,1490,-7715,1855,-2055,6280,6964,-7435,-1766,50,7631,-56,-595,-1050,6747
445,33.06203661136402,42,-1818,307,-6522,-385,-1530,-1869,1684,-7180,-211,-5431,238,5449,79,7557,-5526,3531
446,33.13538891823063,-39,-6515,-3721,-813,-3780,3930,2773,-3116,-3270,-599,74,254,5729,83,5002,6217,5744
447,33.205077950430756,45,789,-6081,-6980,550,-3311,-6405,-2678,2403,-1907,-1450,44,4273,-78,41,1768,3366
448,33.28011264377156,-26,-2539,8125,4748,5005,4785,5699,2295,-1609,4439,5404,224,5475,74,7754,-4507,5629
449,33.35885808124977,39,5973,1478,3671,-6887,-1524,4215,-3433,1920,-543,-2135,25,1839,-41,-7288,3039,-7228
450,33.42808995250915,-81,-7361,-2353,1672,6664,-2636,7920,2418,6094,-4278,-1523,35,-3439,-81,-1489,7541,5155
451,33.50379648854211,68,-4125,-3962,3996,-6925,3788,-6749,4455,5918,1742,-6605,58,6935,-102,-5802,-1800,8181
452,33.58191669749331,-72,-6013,-5677,-7249,7318,-6635,-4803,-5086,5886,-5590,2276,57,2376,5,653,-3909,5389
453,33.65517534837674,55,7166,2848,-3684,-447,7710,3167,6193,-2432,-708,6093,26,-7241,18,601,7444,3649
454,33.72405355069504,106,7993,735,-5927,-6338,-2329,-987,-3970,-6763,-1177,3427,248,-2475,113,-7325,6238,-6612
455,33.80230547673675,-38,-5624,5094,-4975,-728,6337,2507,-1998,3698,-5962,138,106,-2531,39,-8094,-3063,-5352
456,33.8843596646346,123,-2224,-1825,-985,-1166,-6295,2879,4092,-3960,1664,-7540,126,1043,94,5439,-884,1000
457,33.965644504981086,-64,-3825,5496,-1161,2373,2016,-1834,-5686,-7891,2859,1652,40,2784,23,-7092,5974,420
458,34.06142292946507,-43,3891,-6835,-5419,7620,-3435,-5125,-2828,-3128,4382,1707,248,7650,136,270,6213,8171
459,34.14281682129882,0,4672,8175,-4760,-3243,-3607,-6610,334,-2778,7348,-5083,46,-54,14,-4810,2560,1100
460,34.227441630726005,146,-5780,1870,4142,7828,1579,3499,7530,1237,5977,-3852,98,-3689,-46,1076,3980,5299
461,34.316184737495966,-97,-2948,5477,-3538,1498,-2925,4212,2028,2096,2938,7083,240,4823,29,99,3163,-101
462,34.40402677962405,-77,5115,-3562,5331,3609,6907,-7917,3208,2794,2807,-1453,249,7991,102,-194,-73,4682
463,34.49166183775277,-26,3470,-3579,3711,-5561,-1862,-786,-4075,7407,-7552,-6437,120,383,68,716,-5465,-2759
